condition,loss_pct,delay_ms,jitter_ms,qber,sifted_bits,final_key_bits,secure_key_rate,elapsed_seconds,key_bits_per_sec,polarization_fidelity,attenuation_db_per_km,distance_km,run,note,source_file,lhs_point_id,detector_efficiency,dark_count_rate,alice_delay_ms,bob_delay_ms
lhs5_replicate,11.72,124.2,0.5,0.0916030534351145,3932.0,411.0,0.0411,117.56460404396056,3.4959501913204765,0.803,0.175,77.3,2.0,,joint_fault_lhs5_replicate.csv,,,,,
lhs5_replicate,11.72,124.2,0.5,0.1031746031746031,3785.0,143.0,0.0143,83.08144116401672,1.7212026897522634,0.803,0.175,77.3,3.0,,joint_fault_lhs5_replicate.csv,,,,,
lhs5_replicate,11.72,124.2,0.5,0.0927835051546391,3883.0,379.0,0.0379,81.7760877609253,4.634606648193017,0.803,0.175,77.3,4.0,,joint_fault_lhs5_replicate.csv,,,,,
lhs5_replicate,11.72,124.2,0.5,0.0798969072164948,3880.0,685.0,0.0685,87.07642364501953,7.866652893239026,0.803,0.175,77.3,5.0,,joint_fault_lhs5_replicate.csv,,,,,
baseline,,,,0.0680628272251308,3823.0,972.0,0.0972,48.82937526702881,19.9060502962512,0.8,,,1.0,,joint_fault_pf_results.csv,,,,,
loss_1pct,1.0,,,0.0835509138381201,3832.0,589.0,0.0589,49.59195756912232,11.8769257934422,0.8,,,1.0,,joint_fault_pf_results.csv,,,,,
loss_5pct,5.0,,,0.0968586387434555,3827.0,282.0,0.0282,64.65782713890076,4.361420921154608,0.8,,,1.0,,joint_fault_pf_results.csv,,,,,
loss_15pct,15.0,,,0.1171875,3846.0,0.0,0.0,114.94319558143616,0.0,0.8,,,1.0,,joint_fault_pf_results.csv,,,,,
baseline,,,,0.0958549222797927,3860.0,307.0,0.0307,48.954190492630005,6.271168962465399,0.8,,,2.0,,joint_fault_pf_results.csv,,,,,
loss_1pct,1.0,,,0.0901856763925729,3778.0,427.0,0.0427,48.7064995765686,8.766797115623934,0.8,,,2.0,,joint_fault_pf_results.csv,,,,,
loss_5pct,5.0,,,0.1096605744125326,3835.0,7.0,0.0007,54.05145883560181,0.1295062177931328,0.8,,,2.0,,joint_fault_pf_results.csv,,,,,
loss_15pct,15.0,,,0.0984042553191489,3769.0,244.0,0.0244,82.12493824958801,2.9710829036906343,0.8,,,2.0,,joint_fault_pf_results.csv,,,,,
baseline,,,,0.0808625336927223,3717.0,634.0,0.0634,49.98334836959839,12.68422426028627,0.8,,,3.0,,joint_fault_pf_results.csv,,,,,
loss_1pct,1.0,,,0.0930851063829787,3767.0,361.0,0.0361,48.98481416702271,7.369630897630933,0.8,,,3.0,,joint_fault_pf_results.csv,,,,,
loss_5pct,5.0,,,0.1171875,3845.0,0.0,0.0,49.28001141548157,0.0,0.8,,,3.0,,joint_fault_pf_results.csv,,,,,
loss_15pct,15.0,,,0.1047120418848167,3824.0,111.0,0.0111,62.32823729515076,1.7808942594408328,0.8,,,3.0,,joint_fault_pf_results.csv,,,,,
baseline,,,,0.0664893617021276,3768.0,999.0,0.0999,48.93760943412781,20.41374745418855,0.9,,,1.0,,joint_fault_pf_results.csv,,,,,
loss_1pct,1.0,,,0.0524934383202099,3815.0,1394.0,0.1394,49.55611085891724,28.129729630491383,0.9,,,1.0,,joint_fault_pf_results.csv,,,,,
loss_5pct,5.0,,,0.0648648648648648,3706.0,1024.0,0.1024,51.932140588760376,19.718039510615192,0.9,,,1.0,,joint_fault_pf_results.csv,,,,,
loss_15pct,15.0,,,0.0438144329896907,3880.0,1679.0,0.1679,151.48935174942017,11.0832872450154,0.9,,,1.0,,joint_fault_pf_results.csv,,,,,
baseline,,,,0.0678851174934725,3836.0,980.0,0.098,48.42380404472351,20.23798045884389,0.9,,,2.0,,joint_fault_pf_results.csv,,,,,
loss_1pct,1.0,,,0.0580474934036939,3793.0,1231.0,0.1231,49.30739903450012,24.96582711934726,0.9,,,2.0,,joint_fault_pf_results.csv,,,,,
loss_5pct,5.0,,,0.0511508951406649,3913.0,1470.0,0.147,50.03939890861511,29.376851682103545,0.9,,,2.0,,joint_fault_pf_results.csv,,,,,
loss_15pct,15.0,,,0.0418848167539267,3820.0,1713.0,0.1713,148.22752165794373,11.556558328978834,0.9,,,2.0,,joint_fault_pf_results.csv,,,,,
baseline,,,,0.048,3757.0,1502.0,0.1502,48.960774421691895,30.67761933386708,0.9,,,3.0,,joint_fault_pf_results.csv,,,,,
loss_1pct,1.0,,,0.0424403183023872,3773.0,1675.0,0.1675,48.644695520401,34.433353566732166,0.9,,,3.0,,joint_fault_pf_results.csv,,,,,
loss_5pct,5.0,,,0.0571428571428571,3854.0,1276.0,0.1276,52.72735261917114,24.19996333242908,0.9,,,3.0,,joint_fault_pf_results.csv,,,,,
loss_15pct,15.0,,,0.0394736842105263,3802.0,1780.0,0.178,60.746023416519165,29.302329599338844,0.9,,,3.0,,joint_fault_pf_results.csv,,,,,
baseline,,,,0.0,3757.0,3382.0,0.3382,48.76707720756531,69.35006552894963,1.0,,,1.0,,joint_fault_pf_results.csv,,,,,
loss_1pct,1.0,,,0.0,3786.0,3408.0,0.3408,48.877596378326416,69.72519625599254,1.0,,,1.0,,joint_fault_pf_results.csv,,,,,
loss_5pct,5.0,,,0.0,3811.0,3430.0,0.343,48.03259897232056,71.40983568214963,1.0,,,1.0,,joint_fault_pf_results.csv,,,,,
loss_15pct,15.0,,,0.0,3801.0,3421.0,0.3421,74.42297291755676,45.966989303016256,1.0,,,1.0,,joint_fault_pf_results.csv,,,,,
baseline,,,,0.0,3802.0,3422.0,0.3422,47.77504181861877,71.62735750168169,1.0,,,2.0,,joint_fault_pf_results.csv,,,,,
loss_1pct,1.0,,,0.0,3795.0,3416.0,0.3416,49.983126163482666,68.34306419384602,1.0,,,2.0,,joint_fault_pf_results.csv,,,,,
loss_5pct,5.0,,,0.0,3867.0,3481.0,0.3481,85.13226437568665,40.88931529694113,1.0,,,2.0,,joint_fault_pf_results.csv,,,,,
loss_15pct,15.0,,,0.0,3840.0,3456.0,0.3456,277.6431362628937,12.447633485625216,1.0,,,2.0,,joint_fault_pf_results.csv,,,,,
baseline,,,,0.0,3778.0,3401.0,0.3401,49.67016243934631,68.47169070874412,1.0,,,3.0,,joint_fault_pf_results.csv,,,,,
loss_1pct,1.0,,,0.0,3821.0,3439.0,0.3439,57.32233452796936,59.99406737912958,1.0,,,3.0,,joint_fault_pf_results.csv,,,,,
loss_5pct,5.0,,,0.0,3855.0,3470.0,0.347,50.59549045562744,68.58318733056282,1.0,,,3.0,,joint_fault_pf_results.csv,,,,,
loss_15pct,15.0,,,0.0,3809.0,3429.0,0.3429,65.0195779800415,52.73796149603694,1.0,,,3.0,,joint_fault_pf_results.csv,,,,,
baseline,,,,0.1148825065274151,3833.0,0.0,0.0,48.86528706550598,0.0,0.8,,,4.0,,joint_fault_pf_results.csv,,,,,
loss_1pct,1.0,,,,,,,,,0.8,,,4.0,,joint_fault_pf_results.csv,,,,,
loss_5pct,5.0,,,0.106631989596879,7695.0,143.0,0.0143,57.02931714057922,2.507482241940581,0.8,,,4.0,,joint_fault_pf_results.csv,,,,,
loss_15pct,15.0,,,0.106631989596879,7695.0,143.0,0.0143,57.02931714057922,2.507482241940581,0.8,,,4.0,,joint_fault_pf_results.csv,,,,,
baseline,,,,,,,,,,0.8,,,5.0,,joint_fault_pf_results.csv,,,,,
loss_1pct,1.0,,,,,,,,,0.8,,,5.0,,joint_fault_pf_results.csv,,,,,
loss_5pct,5.0,,,,,,,,,0.8,,,5.0,,joint_fault_pf_results.csv,,,,,
loss_15pct,15.0,,,0.0985732814526588,7710.0,493.0,0.0493,55.99129056930542,8.804940821818883,0.8,,,5.0,,joint_fault_pf_results.csv,,,,,
baseline,,,,,,,,,,0.8,,,6.0,,joint_fault_pf_results.csv,,,,,
loss_1pct,1.0,,,,,,,,,0.8,,,6.0,,joint_fault_pf_results.csv,,,,,
loss_5pct,5.0,,,,,,,,,0.8,,,6.0,,joint_fault_pf_results.csv,,,,,
loss_15pct,15.0,,,0.0871261378413524,7692.0,1013.0,0.1013,89.34298729896545,11.338326942328802,0.8,,,6.0,,joint_fault_pf_results.csv,,,,,
baseline,,,,0.1131105398457583,3891.0,0.0,0.0,53.71269249916077,0.0,0.8,,,7.0,,joint_fault_pf_results.csv,,,,,
loss_1pct,1.0,,,0.0729166666666666,3841.0,852.0,0.0852,49.97806096076965,17.04748010669679,0.8,,,7.0,,joint_fault_pf_results.csv,,,,,
loss_5pct,5.0,,,0.1029023746701846,3798.0,149.0,0.0149,56.79129099845886,2.6236417130232765,0.8,,,7.0,,joint_fault_pf_results.csv,,,,,
loss_15pct,15.0,,,0.096,3757.0,296.0,0.0296,63.277729511260986,4.677791101011668,0.8,,,7.0,,joint_fault_pf_results.csv,,,,,
baseline,,,,0.0052910052910052,3788.0,3085.0,0.3085,50.98091125488281,60.512845378073294,,,,1.0,,baseline_runs.csv,,,,,
baseline,,,,0.0052083333333333,3845.0,3135.0,0.3135,47.79901742935181,65.58712225902157,,,,2.0,,baseline_runs.csv,,,,,
baseline,,,,0.0052219321148825,3834.0,3125.0,0.3125,48.89912009239197,63.90708041567004,,,,3.0,,baseline_runs.csv,,,,,
baseline,,,,0.0052631578947368,3804.0,3099.0,0.3099,48.5841019153595,63.78629794163746,,,,4.0,,baseline_runs.csv,,,,,
baseline,,,,0.008,3755.0,2925.0,0.2925,49.97914862632752,58.5244062852883,,,,5.0,,baseline_runs.csv,,,,,
baseline,,,,0.0079575596816976,3774.0,2942.0,0.2942,48.93628072738648,60.11899466551721,,,,6.0,,baseline_runs.csv,,,,,
baseline,,,,0.0104712041884816,3823.0,2863.0,0.2863,49.6058611869812,57.71495406981019,,,,7.0,,baseline_runs.csv,,,,,
baseline,,,,0.0105540897097625,3798.0,2841.0,0.2841,49.93556785583496,56.89331516569566,,,,8.0,,baseline_runs.csv,,,,,
baseline,,,,0.0181818181818181,3850.0,2556.0,0.2556,48.98639178276062,52.17775604570068,,,,9.0,,baseline_runs.csv,,,,,
baseline,,,,0.0184210526315789,3800.0,2513.0,0.2513,48.9279305934906,51.36125663843897,,,,10.0,,baseline_runs.csv,,,,,
jitter_10ms,,50.0,10.0,0.0927835051546391,3885.0,379.0,0.0379,52.412768602371216,7.231062393884943,,,,1.0,,joint_fault_jitter_check.csv,,,,,
jitter_10ms,,50.0,10.0,0.1111111111111111,3877.0,0.0,0.0,53.77936005592346,0.0,,,,2.0,,joint_fault_jitter_check.csv,,,,,
jitter_30ms,,50.0,30.0,0.0911458333333333,3841.0,412.0,0.0412,51.94378995895386,7.931650738722832,,,,1.0,,joint_fault_jitter_check.csv,,,,,
jitter_30ms,,50.0,30.0,0.0694087403598971,3896.0,955.0,0.0955,52.79962182044983,18.0872507619007,,,,2.0,,joint_fault_jitter_check.csv,,,,,
jitter_50ms,,50.0,50.0,0.125,3841.0,0.0,0.0,51.74508619308472,0.0,,,,1.0,,joint_fault_jitter_check.csv,,,,,
jitter_50ms,,50.0,50.0,0.0989583333333333,3841.0,237.0,0.0237,52.8693630695343,4.482747403033687,,,,2.0,,joint_fault_jitter_check.csv,,,,,
jitter_10ms,,50.0,10.0,0.1147959183673469,3927.0,0.0,0.0,52.87754535675049,0.0,,,,1.0,,joint_fault_jitter_check.csv,,,,,
jitter_10ms,,50.0,10.0,0.1012987012987013,3850.0,186.0,0.0186,52.981372594833374,3.510667823244321,,,,2.0,,joint_fault_jitter_check.csv,,,,,
jitter_30ms,,50.0,30.0,0.1307692307692307,3906.0,0.0,0.0,53.34251046180725,0.0,,,,1.0,,joint_fault_jitter_check.csv,,,,,
jitter_30ms,,50.0,30.0,0.0894736842105263,3809.0,447.0,0.0447,53.144421100616455,8.411042791372413,,,,2.0,,joint_fault_jitter_check.csv,,,,,
jitter_50ms,,50.0,50.0,0.1076923076923077,3903.0,49.0,0.0049,51.95274949073792,0.9431647117874996,,,,1.0,,joint_fault_jitter_check.csv,,,,,
jitter_50ms,,50.0,50.0,0.104,3757.0,124.0,0.0124,52.19940948486328,2.3755058002324216,,,,2.0,,joint_fault_jitter_check.csv,,,,,
baseline,,,,0.0026246719160104,3815.0,3253.0,0.3253,50.00877404212952,65.04858521945638,,,1.0,1.0,,joint_fault_dist_loss_NCSA_KY.csv,,,,,
loss_1pct,1.0,,,0.0157480314960629,3810.0,2627.0,0.2627,49.18100047111511,53.41493615085941,,,1.0,1.0,,joint_fault_dist_loss_NCSA_KY.csv,,,,,
loss_5pct,5.0,,,0.0106382978723404,3760.0,2808.0,0.2808,57.48357391357422,48.84873727965819,,,1.0,1.0,,joint_fault_dist_loss_NCSA_KY.csv,,,,,
loss_15pct,15.0,,,0.0102301790281329,3916.0,2944.0,0.2944,58.3728244304657,50.43442781335556,,,1.0,1.0,,joint_fault_dist_loss_NCSA_KY.csv,,,,,
baseline,,,,0.0079155672823219,3798.0,2963.0,0.2963,51.4405791759491,57.600440109067485,,,1.0,2.0,,joint_fault_dist_loss_NCSA_KY.csv,,,,,
loss_1pct,1.0,,,0.0052770448548812,3796.0,3092.0,0.3092,51.32189130783081,60.24719512876205,,,1.0,2.0,,joint_fault_dist_loss_NCSA_KY.csv,,,,,
loss_5pct,5.0,,,0.0236220472440944,3817.0,2327.0,0.2327,58.85375237464905,39.538685404235046,,,1.0,2.0,,joint_fault_dist_loss_NCSA_KY.csv,,,,,
loss_15pct,15.0,,,0.0105263157894736,3805.0,2847.0,0.2847,82.0644462108612,34.69224653858933,,,1.0,2.0,,joint_fault_dist_loss_NCSA_KY.csv,,,,,
baseline,,,,0.0026315789473684,3809.0,3248.0,0.3248,47.6513397693634,68.16177710260824,,,1.0,3.0,,joint_fault_dist_loss_NCSA_KY.csv,,,,,
loss_1pct,1.0,,,0.0182291666666666,3846.0,2552.0,0.2552,50.56911039352417,50.46559016246421,,,1.0,3.0,,joint_fault_dist_loss_NCSA_KY.csv,,,,,
loss_5pct,5.0,,,0.0131578947368421,3804.0,2731.0,0.2731,49.43296027183533,55.2465396565781,,,1.0,3.0,,joint_fault_dist_loss_NCSA_KY.csv,,,,,
loss_15pct,15.0,,,0.0054644808743169,3665.0,2976.0,0.2976,58.41315793991089,50.9474252883466,,,1.0,3.0,,joint_fault_dist_loss_NCSA_KY.csv,,,,,
baseline,,,,0.0078125,3840.0,3000.0,0.3,48.8128833770752,61.459184388376855,,,10.0,1.0,,joint_fault_dist_loss_NCSA_KY.csv,,,,,
loss_1pct,1.0,,,0.0106382978723404,3761.0,2809.0,0.2809,49.56546807289124,56.67252038998341,,,10.0,1.0,,joint_fault_dist_loss_NCSA_KY.csv,,,,,
loss_5pct,5.0,,,0.0133333333333333,3759.0,2692.0,0.2692,49.81175351142883,54.043469868659535,,,10.0,1.0,,joint_fault_dist_loss_NCSA_KY.csv,,,,,
loss_15pct,15.0,,,0.0211640211640211,3786.0,2399.0,0.2399,85.56830382347107,28.03608220339601,,,10.0,1.0,,joint_fault_dist_loss_NCSA_KY.csv,,,,,
baseline,,,,0.010443864229765,3837.0,2875.0,0.2875,49.500131607055664,58.08065366012487,,,10.0,2.0,,joint_fault_dist_loss_NCSA_KY.csv,,,,,
loss_1pct,1.0,,,0.0103896103896103,3854.0,2890.0,0.289,49.63880801200867,58.220576112561936,,,10.0,2.0,,joint_fault_dist_loss_NCSA_KY.csv,,,,,
loss_5pct,5.0,,,0.0131578947368421,3806.0,2733.0,0.2733,56.07918334007263,48.73466119195559,,,10.0,2.0,,joint_fault_dist_loss_NCSA_KY.csv,,,,,
loss_15pct,15.0,,,0.0052083333333333,3847.0,3137.0,0.3137,84.9526960849762,36.92643252736949,,,10.0,2.0,,joint_fault_dist_loss_NCSA_KY.csv,,,,,
baseline,,,,0.0211640211640211,3789.0,2401.0,0.2401,48.88195872306824,49.11832632571916,,,10.0,3.0,,joint_fault_dist_loss_NCSA_KY.csv,,,,,
loss_1pct,1.0,,,0.0079575596816976,3778.0,2945.0,0.2945,53.289639711380005,55.26402535183767,,,10.0,3.0,,joint_fault_dist_loss_NCSA_KY.csv,,,,,
loss_5pct,5.0,,,0.010443864229765,3830.0,2869.0,0.2869,86.70851993560791,33.08786728375247,,,10.0,3.0,,joint_fault_dist_loss_NCSA_KY.csv,,,,,
loss_15pct,15.0,,,0.0210526315789473,3807.0,2417.0,0.2417,138.27225732803345,17.480006811966433,,,10.0,3.0,,joint_fault_dist_loss_NCSA_KY.csv,,,,,
baseline,,,,0.0132978723404255,3769.0,2701.0,0.2701,49.212061405181885,54.884918917775565,,,50.0,1.0,,joint_fault_dist_loss_NCSA_KY.csv,,,,,
loss_1pct,1.0,,,0.0053908355795148,3719.0,3024.0,0.3024,52.354477405548096,57.76010285759325,,,50.0,1.0,,joint_fault_dist_loss_NCSA_KY.csv,,,,,
loss_5pct,5.0,,,0.0104166666666666,3841.0,2879.0,0.2879,55.72712826728821,51.662450399224525,,,50.0,1.0,,joint_fault_dist_loss_NCSA_KY.csv,,,,,
loss_15pct,15.0,,,0.0182767624020887,3831.0,2540.0,0.254,87.38626194000244,29.06635372209776,,,50.0,1.0,,joint_fault_dist_loss_NCSA_KY.csv,,,,,
baseline,,,,0.0052493438320209,3819.0,3112.0,0.3112,48.28795623779297,64.44671181929972,,,50.0,2.0,,joint_fault_dist_loss_NCSA_KY.csv,,,,,
loss_1pct,1.0,,,0.0102301790281329,3919.0,2947.0,0.2947,48.32674312591553,60.98072846170452,,,50.0,2.0,,joint_fault_dist_loss_NCSA_KY.csv,,,,,
loss_5pct,5.0,,,0.0052631578947368,3800.0,3095.0,0.3095,54.86537957191467,56.41080083922933,,,50.0,2.0,,joint_fault_dist_loss_NCSA_KY.csv,,,,,
loss_15pct,15.0,,,0.0130548302872062,3837.0,2760.0,0.276,91.11705541610718,30.29070668927809,,,50.0,2.0,,joint_fault_dist_loss_NCSA_KY.csv,,,,,
baseline,,,,0.0133689839572192,3740.0,2676.0,0.2676,49.77553868293762,53.7613468544399,,,1.0,1.0,,joint_fault_dist_loss_NCSA_KY.csv,,,,,
loss_1pct,1.0,,,0.0052910052910052,3787.0,3084.0,0.3084,49.328924894332886,62.51910023594094,,,1.0,1.0,,joint_fault_dist_loss_NCSA_KY.csv,,,,,
loss_5pct,5.0,,,0.0,3719.0,3348.0,0.3348,82.38936829566956,40.636311083064506,,,1.0,1.0,,joint_fault_dist_loss_NCSA_KY.csv,,,,,
loss_15pct,15.0,,,0.0132275132275132,3783.0,2713.0,0.2713,68.01071119308472,39.890775326517335,,,1.0,1.0,,joint_fault_dist_loss_NCSA_KY.csv,,,,,
baseline,,,,0.0079155672823219,3794.0,2959.0,0.2959,49.03320002555847,60.3468669892568,,,1.0,2.0,,joint_fault_dist_loss_NCSA_KY.csv,,,,,
loss_1pct,1.0,,,0.0105263157894736,3803.0,2846.0,0.2846,49.20013666152954,57.8453677797472,,,1.0,2.0,,joint_fault_dist_loss_NCSA_KY.csv,,,,,
loss_5pct,5.0,,,0.016,3753.0,2578.0,0.2578,52.31942915916443,49.27423791565642,,,1.0,2.0,,joint_fault_dist_loss_NCSA_KY.csv,,,,,
loss_15pct,15.0,,,0.0078947368421052,3806.0,2970.0,0.297,58.87211179733277,50.44833469239603,,,1.0,2.0,,joint_fault_dist_loss_NCSA_KY.csv,,,,,
baseline,,,,0.0026178010471204,3821.0,3258.0,0.3258,49.27781939506531,66.11493852599851,,,1.0,3.0,,joint_fault_dist_loss_NCSA_KY.csv,,,,,
loss_1pct,1.0,,,0.0053619302949061,3733.0,3036.0,0.3036,49.467495918273926,61.37363421459267,,,1.0,3.0,,joint_fault_dist_loss_NCSA_KY.csv,,,,,
loss_5pct,5.0,,,0.0051546391752577,3884.0,3170.0,0.317,49.93842148780823,63.47817783495442,,,1.0,3.0,,joint_fault_dist_loss_NCSA_KY.csv,,,,,
loss_15pct,15.0,,,0.0078947368421052,3801.0,2966.0,0.2966,72.31639242172241,41.014214076158375,,,1.0,3.0,,joint_fault_dist_loss_NCSA_KY.csv,,,,,
baseline,,,,0.0104712041884816,3827.0,2866.0,0.2866,48.76185870170593,58.77544614392915,,,10.0,1.0,,joint_fault_dist_loss_NCSA_KY.csv,,,,,
loss_1pct,1.0,,,0.0102827763496143,3897.0,2928.0,0.2928,48.90219759941101,59.87460980762275,,,10.0,1.0,,joint_fault_dist_loss_NCSA_KY.csv,,,,,
loss_5pct,5.0,,,0.0132275132275132,3788.0,2717.0,0.2717,53.62411880493164,50.667499262479744,,,10.0,1.0,,joint_fault_dist_loss_NCSA_KY.csv,,,,,
loss_15pct,15.0,,,0.0026109660574412,3834.0,3270.0,0.327,117.44653129577635,27.842457022122343,,,10.0,1.0,,joint_fault_dist_loss_NCSA_KY.csv,,,,,
baseline,,,,0.0745501285347043,3899.0,823.0,0.0823,49.4106707572937,16.656321142503693,0.8,,,1.0,,joint_fault_lowloss_results.csv,,,,,
baseline,,,,0.1015625,3845.0,180.0,0.018,48.93804979324341,3.6781195973373575,0.8,,,2.0,,joint_fault_lowloss_results.csv,,,,,
baseline,,,,0.1358974358974359,3907.0,0.0,0.0,49.29475903511048,0.0,0.8,,,3.0,,joint_fault_lowloss_results.csv,,,,,
loss_0.001pct,0.001,,,0.0964467005076142,3948.0,301.0,0.0301,48.89619851112366,6.155897782759613,0.8,,,1.0,,joint_fault_lowloss_results.csv,,,,,
loss_0.001pct,0.001,,,0.0961038961038961,3859.0,302.0,0.0302,48.62956500053406,6.210213889363053,0.8,,,2.0,,joint_fault_lowloss_results.csv,,,,,
loss_0.001pct,0.001,,,0.1227621483375959,3911.0,0.0,0.0,49.763842821121216,0.0,0.8,,,3.0,,joint_fault_lowloss_results.csv,,,,,
loss_0.01pct,0.01,,,0.0885416666666666,3845.0,473.0,0.0473,48.02431631088257,9.84917717387297,0.8,,,1.0,,joint_fault_lowloss_results.csv,,,,,
loss_0.01pct,0.01,,,0.1028277634961439,3897.0,155.0,0.0155,48.69273924827576,3.183226131717136,0.8,,,2.0,,joint_fault_lowloss_results.csv,,,,,
loss_0.01pct,0.01,,,0.1230366492146596,3825.0,0.0,0.0,49.63894748687744,0.0,0.8,,,3.0,,joint_fault_lowloss_results.csv,,,,,
loss_0.1pct,0.1,,,0.0837837837837837,3707.0,564.0,0.0564,48.80411529541016,11.556402499791696,0.8,,,1.0,,joint_fault_lowloss_results.csv,,,,,
loss_0.1pct,0.1,,,0.0904255319148936,3765.0,420.0,0.042,48.219621896743774,8.710147103587351,0.8,,,2.0,,joint_fault_lowloss_results.csv,,,,,
loss_0.1pct,0.1,,,0.0883116883116883,3850.0,479.0,0.0479,49.42924642562866,9.690619109896897,0.8,,,3.0,,joint_fault_lowloss_results.csv,,,,,
loss_0.5pct,0.5,,,0.1044386422976501,3834.0,117.0,0.0117,48.3570408821106,2.4195028865648283,0.8,,,1.0,,joint_fault_lowloss_results.csv,,,,,
loss_0.5pct,0.5,,,0.0930851063829787,3765.0,361.0,0.0361,53.25796890258789,6.778328341065564,0.8,,,2.0,,joint_fault_lowloss_results.csv,,,,,
loss_0.5pct,0.5,,,0.0868421052631579,3801.0,507.0,0.0507,50.20014429092407,10.09957256421,0.8,,,3.0,,joint_fault_lowloss_results.csv,,,,,
loss_1.0pct,1.0,,,0.1031746031746031,3782.0,143.0,0.0143,49.52572202682495,2.887388495266075,0.8,,,1.0,,joint_fault_lowloss_results.csv,,,,,
loss_1.0pct,1.0,,,0.0861618798955613,3835.0,527.0,0.0527,49.086650133132935,10.736116613593904,0.8,,,2.0,,joint_fault_lowloss_results.csv,,,,,
loss_1.0pct,1.0,,,0.0992167101827676,3836.0,231.0,0.0231,50.4965181350708,4.57457283256855,0.8,,,3.0,,joint_fault_lowloss_results.csv,,,,,
baseline,,,,0.0,3797.0,3418.0,0.3418,50.98121237754822,67.04430594328636,1.0,,,1.0,,joint_fault_lowloss_results.csv,,,,,
baseline,,,,0.0,3834.0,3451.0,0.3451,48.95843243598938,70.48836795401904,1.0,,,2.0,,joint_fault_lowloss_results.csv,,,,,
baseline,,,,0.0,3821.0,3439.0,0.3439,56.325809717178345,61.05549156359785,1.0,,,3.0,,joint_fault_lowloss_results.csv,,,,,
loss_0.001pct,0.001,,,0.0,3777.0,3400.0,0.34,48.07841777801514,70.71780139892044,1.0,,,1.0,,joint_fault_lowloss_results.csv,,,,,
loss_0.001pct,0.001,,,0.0,3754.0,3379.0,0.3379,48.352126359939575,69.88317276568729,1.0,,,2.0,,joint_fault_lowloss_results.csv,,,,,
loss_0.001pct,0.001,,,0.0,3797.0,3418.0,0.3418,49.344462633132935,69.26815730900154,1.0,,,3.0,,joint_fault_lowloss_results.csv,,,,,
loss_0.01pct,0.01,,,0.0,3855.0,3470.0,0.347,49.32176780700684,70.35433145011964,1.0,,,1.0,,joint_fault_lowloss_results.csv,,,,,
loss_0.01pct,0.01,,,0.0,3830.0,3447.0,0.3447,48.820640325546265,70.60538282608915,1.0,,,2.0,,joint_fault_lowloss_results.csv,,,,,
loss_0.01pct,0.01,,,0.0,3745.0,3371.0,0.3371,48.90091371536255,68.93531723397999,1.0,,,3.0,,joint_fault_lowloss_results.csv,,,,,
loss_0.1pct,0.1,,,0.0,3803.0,3423.0,0.3423,53.1766676902771,64.37033662840567,1.0,,,1.0,,joint_fault_lowloss_results.csv,,,,,
loss_0.1pct,0.1,,,0.0,3806.0,3426.0,0.3426,47.59908986091614,71.97616614121664,1.0,,,2.0,,joint_fault_lowloss_results.csv,,,,,
loss_0.1pct,0.1,,,0.0,3864.0,3478.0,0.3478,49.285855531692505,70.56791370423764,1.0,,,3.0,,joint_fault_lowloss_results.csv,,,,,
loss_0.5pct,0.5,,,0.0,3795.0,3416.0,0.3416,49.0264527797699,69.67667057914429,1.0,,,1.0,,joint_fault_lowloss_results.csv,,,,,
loss_0.5pct,0.5,,,0.0,3909.0,3519.0,0.3519,50.47697424888611,69.71495523184326,1.0,,,2.0,,joint_fault_lowloss_results.csv,,,,,
loss_0.5pct,0.5,,,0.0,3804.0,3424.0,0.3424,47.85626196861267,71.54758560636616,1.0,,,3.0,,joint_fault_lowloss_results.csv,,,,,
loss_1.0pct,1.0,,,0.0,3791.0,3412.0,0.3412,49.37404918670654,69.10512822429492,1.0,,,1.0,,joint_fault_lowloss_results.csv,,,,,
loss_1.0pct,1.0,,,0.0,3737.0,3364.0,0.3364,53.093514919281006,63.35990384351738,1.0,,,2.0,,joint_fault_lowloss_results.csv,,,,,
loss_1.0pct,1.0,,,0.0,3852.0,3467.0,0.3467,49.13754820823669,70.55704092738684,1.0,,,3.0,,joint_fault_lowloss_results.csv,,,,,
loss_2pct,2.0,,,0.1113989637305699,3861.0,0.0,0.0,54.63699388504028,0.0,0.8,,,1.0,,joint_fault_lowloss_results.csv,,,,,
loss_2pct,2.0,,,0.1122715404699739,3836.0,0.0,0.0,48.918535232543945,0.0,0.8,,,2.0,,joint_fault_lowloss_results.csv,,,,,
loss_2pct,2.0,,,0.0842105263157894,3804.0,569.0,0.0569,54.15691614151001,10.506506657676448,0.8,,,3.0,,joint_fault_lowloss_results.csv,,,,,
loss_3pct,3.0,,,0.1105263157894736,3800.0,0.0,0.0,50.39991211891174,0.0,0.8,,,1.0,,joint_fault_lowloss_results.csv,,,,,
loss_3pct,3.0,,,0.0878552971576227,3874.0,493.0,0.0493,54.52758765220642,9.041294897263828,0.8,,,2.0,,joint_fault_lowloss_results.csv,,,,,
loss_3pct,3.0,,,0.1026315789473684,3800.0,155.0,0.0155,47.959450006484985,3.2318969458373936,0.8,,,3.0,,joint_fault_lowloss_results.csv,,,,,
loss_2pct,2.0,,,0.0,3718.0,3347.0,0.3347,50.77093291282654,65.9235473523164,1.0,,,1.0,,joint_fault_lowloss_results.csv,,,,,
loss_2pct,2.0,,,0.0,3807.0,3427.0,0.3427,48.69422864913941,70.37795022266087,1.0,,,2.0,,joint_fault_lowloss_results.csv,,,,,
loss_2pct,2.0,,,0.0,3827.0,3445.0,0.3445,48.686877489089966,70.75828596261847,1.0,,,3.0,,joint_fault_lowloss_results.csv,,,,,
loss_3pct,3.0,,,0.0,3817.0,3436.0,0.3436,50.41603350639343,68.15292201764085,1.0,,,1.0,,joint_fault_lowloss_results.csv,,,,,
loss_3pct,3.0,,,0.0,3793.0,3414.0,0.3414,52.15676188468933,65.45651755658902,1.0,,,2.0,,joint_fault_lowloss_results.csv,,,,,
loss_3pct,3.0,,,0.0,3793.0,3414.0,0.3414,48.69092631340027,70.11573322770059,1.0,,,3.0,,joint_fault_lowloss_results.csv,,,,,
lhs_0,3.46,26.9,18.9,0.0645994832041343,3870.0,1076.0,0.1076,49.026509046554565,21.947310157822017,0.837,0.389,90.2,1.0,,joint_fault_lhs_TEST.csv,0.0,,,,
lhs_0,3.46,26.9,18.9,0.1167108753315649,3778.0,0.0,0.0,49.55654430389404,0.0,0.837,0.389,90.2,1.0,,joint_fault_lhs_TEST.csv,0.0,,,,
baseline,,,,0.1139240506329113,2373.0,0.0,0.0,48.53701329231262,0.0,,,,1.0,,joint_fault_efficiency_loss.csv,,0.5,,,
loss_1pct,1.0,,,0.0956521739130434,2309.0,186.0,0.0186,54.362220287323,3.421493806119878,,,,1.0,,joint_fault_efficiency_loss.csv,,0.5,,,
loss_5pct,5.0,,,0.1304347826086956,2304.0,0.0,0.0,57.8567636013031,0.0,,,,1.0,,joint_fault_efficiency_loss.csv,,0.5,,,
loss_15pct,15.0,,,0.1239316239316239,2346.0,0.0,0.0,57.617435693740845,0.0,,,,1.0,,joint_fault_efficiency_loss.csv,,0.5,,,
baseline,,,,0.1008403361344537,2380.0,121.0,0.0121,48.48383188247681,2.495677327924492,,,,2.0,,joint_fault_efficiency_loss.csv,,0.5,,,
loss_1pct,1.0,,,0.1168831168831168,2318.0,0.0,0.0,48.68520092964173,0.0,,,,2.0,,joint_fault_efficiency_loss.csv,,0.5,,,
loss_5pct,5.0,,,0.1129707112970711,2398.0,0.0,0.0,57.43782997131348,0.0,,,,2.0,,joint_fault_efficiency_loss.csv,,0.5,,,
loss_15pct,15.0,,,0.0815450643776824,2339.0,389.0,0.0389,90.21464371681212,4.311938549811145,,,,2.0,,joint_fault_efficiency_loss.csv,,0.5,,,
baseline,,,,0.1440677966101695,2369.0,0.0,0.0,47.626237869262695,0.0,,,,3.0,,joint_fault_efficiency_loss.csv,,0.5,,,
loss_1pct,1.0,,,0.1054852320675105,2378.0,59.0,0.0059,48.82249045372009,1.208459450791995,,,,3.0,,joint_fault_efficiency_loss.csv,,0.5,,,
loss_5pct,5.0,,,0.102127659574468,2359.0,103.0,0.0103,49.31444549560547,2.0886374968806773,,,,3.0,,joint_fault_efficiency_loss.csv,,0.5,,,
loss_15pct,15.0,,,0.0854700854700854,2342.0,332.0,0.0332,163.71130228042605,2.027960167535087,,,,3.0,,joint_fault_efficiency_loss.csv,,0.5,,,
baseline,,,,0.0909090909090909,2422.0,263.0,0.0263,47.6448221206665,5.520012213161787,,,,1.0,,joint_fault_efficiency_loss.csv,,0.5,,,
loss_1pct,1.0,,,0.1097046413502109,2377.0,4.0,0.0004,48.75949192047119,0.0820353092793536,,,,1.0,,joint_fault_efficiency_loss.csv,,0.5,,,
loss_5pct,5.0,,,0.1239316239316239,2348.0,0.0,0.0,47.472097396850586,0.0,,,,1.0,,joint_fault_efficiency_loss.csv,,0.5,,,
loss_15pct,15.0,,,0.079295154185022,2271.0,410.0,0.041,181.93397521972656,2.2535647863728143,,,,1.0,,joint_fault_efficiency_loss.csv,,0.5,,,
baseline,,,,0.0952380952380952,2311.0,192.0,0.0192,47.313103675842285,4.058072396084085,,,,2.0,,joint_fault_efficiency_loss.csv,,0.5,,,
loss_1pct,1.0,,,0.0966386554621848,2387.0,179.0,0.0179,49.10198640823364,3.6454736985953073,,,,2.0,,joint_fault_efficiency_loss.csv,,0.5,,,
loss_5pct,5.0,,,0.1392405063291139,2374.0,0.0,0.0,50.03861021995544,0.0,,,,2.0,,joint_fault_efficiency_loss.csv,,0.5,,,
loss_15pct,15.0,,,0.0982905982905982,2343.0,153.0,0.0153,98.23114919662476,1.5575507489355231,,,,2.0,,joint_fault_efficiency_loss.csv,,0.5,,,
baseline,,,,0.0917030567685589,2299.0,239.0,0.0239,47.88017106056213,4.9916279475630185,,,,3.0,,joint_fault_efficiency_loss.csv,,0.5,,,
loss_1pct,1.0,,,0.0916666666666666,2402.0,250.0,0.025,47.75088405609131,5.2355051627176925,,,,3.0,,joint_fault_efficiency_loss.csv,,0.5,,,
loss_5pct,5.0,,,0.084070796460177,2260.0,340.0,0.034,52.233154296875,6.509275661729307,,,,3.0,,joint_fault_efficiency_loss.csv,,0.5,,,
loss_15pct,15.0,,,0.0987124463519313,2336.0,147.0,0.0147,69.96433925628662,2.10107036759861,,,,3.0,,joint_fault_efficiency_loss.csv,,0.5,,,
baseline,,,,0.1282051282051282,2349.0,0.0,0.0,48.44910383224487,0.0,,,,4.0,,joint_fault_efficiency_loss.csv,,0.5,,,
loss_1pct,1.0,,,0.1324786324786324,2345.0,0.0,0.0,47.65104699134827,0.0,,,,4.0,,joint_fault_efficiency_loss.csv,,0.5,,,
loss_5pct,5.0,,,0.0878661087866108,2398.0,305.0,0.0305,47.219966411590576,6.459132082845678,,,,4.0,,joint_fault_efficiency_loss.csv,,0.5,,,
loss_15pct,15.0,,,0.1144067796610169,2363.0,0.0,0.0,66.54922556877136,0.0,,,,4.0,,joint_fault_efficiency_loss.csv,,0.5,,,
baseline,,,,0.080168776371308,2370.0,414.0,0.0414,47.93533515930176,8.636635138237144,,,,5.0,,joint_fault_efficiency_loss.csv,,0.5,,,
loss_1pct,1.0,,,0.0553191489361702,2357.0,812.0,0.0812,52.84632325172424,15.36530736740529,,,,5.0,,joint_fault_efficiency_loss.csv,,0.5,,,
loss_5pct,5.0,,,0.0791666666666666,2403.0,435.0,0.0435,81.8841061592102,5.312386254228799,,,,5.0,,joint_fault_efficiency_loss.csv,,0.5,,,
loss_15pct,15.0,,,0.1072961373390558,2338.0,34.0,0.0034,271.3395457267761,0.1253042563660665,,,,5.0,,joint_fault_efficiency_loss.csv,,0.5,,,
baseline,,,,0.0958333333333333,2403.0,191.0,0.0191,47.974470138549805,3.981284200709124,,,,6.0,,joint_fault_efficiency_loss.csv,,0.5,,,
loss_1pct,1.0,,,0.1223628691983122,2372.0,0.0,0.0,50.86680889129639,0.0,,,,6.0,,joint_fault_efficiency_loss.csv,,0.5,,,
loss_5pct,5.0,,,0.0995850622406639,2412.0,140.0,0.014,54.323307275772095,2.577162676957249,,,,6.0,,joint_fault_efficiency_loss.csv,,0.5,,,
loss_15pct,15.0,,,0.0928270042194092,2379.0,232.0,0.0232,83.95761942863464,2.7632989308040568,,,,6.0,,joint_fault_efficiency_loss.csv,,0.5,,,
baseline,,,,0.0997067448680351,3419.0,196.0,0.0196,48.46493649482727,4.0441608753767655,,,,1.0,,joint_fault_efficiency_loss.csv,,0.7,,,
loss_1pct,1.0,,,0.125,3365.0,0.0,0.0,49.10972142219544,0.0,,,,1.0,,joint_fault_efficiency_loss.csv,,0.7,,,
loss_5pct,5.0,,,0.1037463976945245,3471.0,120.0,0.012,71.48864245414734,1.6785883166961486,,,,1.0,,joint_fault_efficiency_loss.csv,,0.7,,,
loss_15pct,15.0,,,0.1051051051051051,3339.0,90.0,0.009,76.24923491477966,1.1803397122684438,,,,1.0,,joint_fault_efficiency_loss.csv,,0.7,,,
baseline,,,,0.1178247734138972,3318.0,0.0,0.0,49.12712931632996,0.0,,,,1.0,,joint_fault_efficiency_loss.csv,,0.7,,,
loss_1pct,1.0,,,0.0922619047619047,3364.0,339.0,0.0339,50.60861539840698,6.698464230473114,,,,1.0,,joint_fault_efficiency_loss.csv,,0.7,,,
loss_5pct,5.0,,,0.0892857142857142,3364.0,399.0,0.0399,56.79413986206055,7.025372705160709,,,,1.0,,joint_fault_efficiency_loss.csv,,0.7,,,
loss_15pct,15.0,,,0.0950920245398773,3262.0,274.0,0.0274,94.80459666252136,2.890155220799743,,,,1.0,,joint_fault_efficiency_loss.csv,,0.7,,,
baseline,,,,0.09009009009009,3339.0,380.0,0.038,49.27276730537415,7.712170855858418,,,,2.0,,joint_fault_efficiency_loss.csv,,0.7,,,
loss_1pct,1.0,,,0.1186943620178041,3372.0,0.0,0.0,49.81161975860596,0.0,,,,2.0,,joint_fault_efficiency_loss.csv,,0.7,,,
loss_5pct,5.0,,,0.1072463768115942,3450.0,52.0,0.0052,57.3676438331604,0.906434298595723,,,,2.0,,joint_fault_efficiency_loss.csv,,0.7,,,
loss_15pct,15.0,,,0.1141141141141141,3333.0,0.0,0.0,71.17010712623596,0.0,,,,2.0,,joint_fault_efficiency_loss.csv,,0.7,,,
baseline,,,,0.0776119402985074,3353.0,641.0,0.0641,47.63258910179138,13.45717316835698,,,,3.0,,joint_fault_efficiency_loss.csv,,0.7,,,
loss_1pct,1.0,,,0.0861538461538461,3257.0,448.0,0.0448,52.04678797721863,8.607639729777251,,,,3.0,,joint_fault_efficiency_loss.csv,,0.7,,,
loss_5pct,5.0,,,0.0808383233532934,3347.0,571.0,0.0571,53.05936241149902,10.761531500730074,,,,3.0,,joint_fault_efficiency_loss.csv,,0.7,,,
loss_15pct,15.0,,,0.1041666666666666,3367.0,108.0,0.0108,73.4109799861908,1.4711695719130256,,,,3.0,,joint_fault_efficiency_loss.csv,,0.7,,,
baseline,,,,0.0676470588235294,3408.0,876.0,0.0876,49.16536712646485,17.817420090583738,,,,4.0,,joint_fault_efficiency_loss.csv,,0.7,,,
loss_1pct,1.0,,,0.1006097560975609,3280.0,171.0,0.0171,49.13399600982666,3.4802787049073007,,,,4.0,,joint_fault_efficiency_loss.csv,,0.7,,,
loss_5pct,5.0,,,0.0988023952095808,3342.0,209.0,0.0209,68.07880568504333,3.069971599779644,,,,4.0,,joint_fault_efficiency_loss.csv,,0.7,,,
loss_15pct,15.0,,,0.1223241590214067,3271.0,0.0,0.0,90.37786769866943,0.0,,,,4.0,,joint_fault_efficiency_loss.csv,,0.7,,,
baseline,,,,0.0987654320987654,4050.0,254.0,0.0254,49.03673887252808,5.179789803320277,,,,1.0,,joint_fault_efficiency_loss.csv,,0.85,,,
loss_1pct,1.0,,,0.0929095354523227,4090.0,396.0,0.0396,52.068129777908325,7.605420084975214,,,,1.0,,joint_fault_efficiency_loss.csv,,0.85,,,
loss_5pct,5.0,,,0.1102941176470588,4088.0,0.0,0.0,61.06338858604431,0.0,,,,1.0,,joint_fault_efficiency_loss.csv,,0.85,,,
loss_15pct,15.0,,,0.0849514563106796,4125.0,598.0,0.0598,74.83653950691223,7.990748956861722,,,,1.0,,joint_fault_efficiency_loss.csv,,0.85,,,
baseline,,,,0.0884520884520884,4072.0,503.0,0.0503,49.05859446525574,10.25304547516612,,,,2.0,,joint_fault_efficiency_loss.csv,,0.85,,,
loss_1pct,1.0,,,0.1125,4009.0,0.0,0.0,50.5212676525116,0.0,,,,2.0,,joint_fault_efficiency_loss.csv,,0.85,,,
loss_5pct,5.0,,,0.1138613861386138,4040.0,0.0,0.0,54.58887434005737,0.0,,,,2.0,,joint_fault_efficiency_loss.csv,,0.85,,,
loss_15pct,15.0,,,0.1051344743276283,4098.0,110.0,0.011,107.6683554649353,1.0216558015119312,,,,2.0,,joint_fault_efficiency_loss.csv,,0.85,,,
baseline,,,,0.0915841584158415,4046.0,424.0,0.0424,48.103657722473145,8.81429853933779,,,,3.0,,joint_fault_efficiency_loss.csv,,0.85,,,
loss_1pct,1.0,,,0.1047381546134663,4018.0,116.0,0.0116,50.73487138748169,2.286395862011031,,,,3.0,,joint_fault_efficiency_loss.csv,,0.85,,,
loss_5pct,5.0,,,0.0968523002421307,4134.0,305.0,0.0305,48.40580868721008,6.3008966954948935,,,,3.0,,joint_fault_efficiency_loss.csv,,0.85,,,
loss_15pct,15.0,,,0.0820895522388059,4023.0,655.0,0.0655,89.67505621910095,7.304149309922415,,,,3.0,,joint_fault_efficiency_loss.csv,,0.85,,,
baseline,,,,0.0906862745098039,4081.0,449.0,0.0449,49.0196635723114,9.15958958669019,,,,4.0,,joint_fault_efficiency_loss.csv,,0.85,,,
loss_1pct,1.0,,,0.14,4006.0,0.0,0.0,49.88428711891174,0.0,,,,4.0,,joint_fault_efficiency_loss.csv,,0.85,,,
loss_5pct,5.0,,,0.0869565217391304,4148.0,550.0,0.055,49.98327970504761,11.003679695401376,,,,4.0,,joint_fault_efficiency_loss.csv,,0.85,,,
loss_15pct,15.0,,,0.1116625310173697,4035.0,0.0,0.0,125.27539992332458,0.0,,,,4.0,,joint_fault_efficiency_loss.csv,,0.85,,,
baseline,,,,0.1020833333333333,4802.0,211.0,0.0211,52.0856032371521,4.051023447674999,,,,1.0,,joint_fault_efficiency_loss.csv,,1.0,,,
loss_1pct,1.0,,,0.0847457627118644,4728.0,692.0,0.0692,49.2227828502655,14.058530621989558,,,,1.0,,joint_fault_efficiency_loss.csv,,1.0,,,
loss_5pct,5.0,,,0.1215932914046121,4778.0,0.0,0.0,58.00733828544617,0.0,,,,1.0,,joint_fault_efficiency_loss.csv,,1.0,,,
loss_15pct,15.0,,,0.0991735537190082,4841.0,293.0,0.0293,60.24135208129883,4.86376865520185,,,,1.0,,joint_fault_efficiency_loss.csv,,1.0,,,
baseline,,,,0.0946502057613168,4865.0,422.0,0.0422,49.230332374572754,8.571951064420624,,,,2.0,,joint_fault_efficiency_loss.csv,,1.0,,,
loss_1pct,1.0,,,0.1073684210526315,4755.0,69.0,0.0069,49.98101258277893,1.3805242517990544,,,,2.0,,joint_fault_efficiency_loss.csv,,1.0,,,
loss_5pct,5.0,,,0.086021505376344,4658.0,645.0,0.0645,59.19273090362549,10.896608251613788,,,,2.0,,joint_fault_efficiency_loss.csv,,1.0,,,
loss_15pct,15.0,,,0.0918580375782881,4797.0,495.0,0.0495,73.27205395698547,6.755645205341055,,,,2.0,,joint_fault_efficiency_loss.csv,,1.0,,,
baseline,,,,0.10351966873706,4837.0,173.0,0.0173,50.403674364089966,3.432289454739705,,,,3.0,,joint_fault_efficiency_loss.csv,,1.0,,,
loss_1pct,1.0,,,0.1156316916488222,4674.0,0.0,0.0,48.17438554763794,0.0,,,,3.0,,joint_fault_efficiency_loss.csv,,1.0,,,
loss_5pct,5.0,,,0.0815899581589958,4788.0,795.0,0.0795,54.03037023544312,14.713946925325562,,,,3.0,,joint_fault_efficiency_loss.csv,,1.0,,,
loss_15pct,15.0,,,0.1071428571428571,4760.0,75.0,0.0075,90.2209017276764,0.8312929550003911,,,,3.0,,joint_fault_efficiency_loss.csv,,1.0,,,
baseline,,,,0.1108247422680412,3888.0,0.0,0.0,50.382644176483154,0.0,0.8,,,1.0,,joint_fault_3way_results.csv,,,10.0,,
loss_1pct,1.0,,,0.0848806366047745,3773.0,549.0,0.0549,53.89963817596436,10.185597131611496,0.8,,,1.0,,joint_fault_3way_results.csv,,,10.0,,
loss_5pct,5.0,,,0.1105263157894736,3805.0,0.0,0.0,55.35413432121277,0.0,0.8,,,1.0,,joint_fault_3way_results.csv,,,10.0,,
loss_15pct,15.0,,,0.0753246753246753,3853.0,794.0,0.0794,91.89969825744627,8.639854265633186,0.8,,,1.0,,joint_fault_3way_results.csv,,,10.0,,
baseline,,,,0.1044386422976501,3832.0,117.0,0.0117,49.17708492279053,2.3791568813745965,0.8,,,2.0,,joint_fault_3way_results.csv,,,10.0,,
loss_1pct,1.0,,,0.1047120418848167,3821.0,111.0,0.0111,51.91222620010376,2.1382246173017743,0.8,,,2.0,,joint_fault_3way_results.csv,,,10.0,,
loss_5pct,5.0,,,0.0913838120104438,3832.0,406.0,0.0406,57.04375338554382,7.117343721335307,0.8,,,2.0,,joint_fault_3way_results.csv,,,10.0,,
loss_15pct,15.0,,,0.109090909090909,3850.0,19.0,0.0019,141.0850419998169,0.1346705485619422,0.8,,,2.0,,joint_fault_3way_results.csv,,,10.0,,
baseline,,,,0.0971128608923884,3816.0,276.0,0.0276,48.86834406852722,5.647827960222472,0.8,,,1.0,,joint_fault_3way_results.csv,,,1000.0,,
loss_1pct,1.0,,,0.0731070496083551,3838.0,847.0,0.0847,53.63340306282044,15.792397118786493,0.8,,,1.0,,joint_fault_3way_results.csv,,,1000.0,,
loss_5pct,5.0,,,0.125,3844.0,0.0,0.0,56.20677733421326,0.0,0.8,,,1.0,,joint_fault_3way_results.csv,,,1000.0,,
loss_15pct,15.0,,,0.1085271317829457,3871.0,31.0,0.0031,72.74960160255432,0.4261191720246005,0.8,,,1.0,,joint_fault_3way_results.csv,,,1000.0,,
baseline,,,,0.0869565217391304,3919.0,520.0,0.052,47.97586226463318,10.838783826994046,0.8,,,2.0,,joint_fault_3way_results.csv,,,1000.0,,
loss_1pct,1.0,,,0.0837696335078534,3829.0,583.0,0.0583,48.4213433265686,12.040145108492068,0.8,,,2.0,,joint_fault_3way_results.csv,,,1000.0,,
loss_5pct,5.0,,,0.0966057441253263,3833.0,288.0,0.0288,48.61259508132935,5.924390572405633,0.8,,,2.0,,joint_fault_3way_results.csv,,,1000.0,,
loss_15pct,15.0,,,0.1113989637305699,3867.0,0.0,0.0,124.82807350158691,0.0,0.8,,,2.0,,joint_fault_3way_results.csv,,,1000.0,,
baseline,,,,0.1058201058201058,3780.0,87.0,0.0087,49.75999116897583,1.7483925932495428,0.8,,,1.0,,joint_fault_3way_results.csv,,,100000.0,,
loss_1pct,1.0,,,0.123076923076923,3902.0,0.0,0.0,48.432424783706665,0.0,0.8,,,1.0,,joint_fault_3way_results.csv,,,100000.0,,
loss_5pct,5.0,,,0.0925925925925925,3789.0,374.0,0.0374,55.1125648021698,6.786111322209332,0.8,,,1.0,,joint_fault_3way_results.csv,,,100000.0,,
loss_15pct,15.0,,,0.1094147582697201,3931.0,13.0,0.0013,66.64805102348328,0.1950544659650959,0.8,,,1.0,,joint_fault_3way_results.csv,,,100000.0,,
baseline,,,,0.1072386058981233,3739.0,57.0,0.0057,49.90347194671631,1.1422050966886814,0.8,,,2.0,,joint_fault_3way_results.csv,,,100000.0,,
loss_1pct,1.0,,,0.1170483460559796,3931.0,0.0,0.0,50.21591401100159,0.0,0.8,,,2.0,,joint_fault_3way_results.csv,,,100000.0,,
loss_5pct,5.0,,,0.1210526315789473,3805.0,0.0,0.0,49.24592304229736,0.0,0.8,,,2.0,,joint_fault_3way_results.csv,,,100000.0,,
loss_15pct,15.0,,,0.1087533156498673,3774.0,26.0,0.0026,92.6106345653534,0.2807452958510109,0.8,,,2.0,,joint_fault_3way_results.csv,,,100000.0,,
baseline,,,,0.0291777188328912,3779.0,2107.0,0.2107,48.7907600402832,43.18440619208214,0.9,,,1.0,,joint_fault_3way_results.csv,,,10.0,,
loss_1pct,1.0,,,0.0544041450777202,3864.0,1357.0,0.1357,51.16606283187866,26.52148562727657,0.9,,,1.0,,joint_fault_3way_results.csv,,,10.0,,
loss_5pct,5.0,,,0.05,3800.0,1461.0,0.1461,65.90601992607117,22.167929449219496,0.9,,,1.0,,joint_fault_3way_results.csv,,,10.0,,
loss_15pct,15.0,,,0.0366492146596858,3825.0,1881.0,0.1881,80.78161811828613,23.285000273771534,0.9,,,1.0,,joint_fault_3way_results.csv,,,10.0,,
baseline,,,,0.0668449197860962,3741.0,982.0,0.0982,50.39548063278198,19.485874282171533,0.9,,,2.0,,joint_fault_3way_results.csv,,,10.0,,
loss_1pct,1.0,,,0.0398936170212766,3763.0,1749.0,0.1749,50.33746099472046,34.745495013811684,0.9,,,2.0,,joint_fault_3way_results.csv,,,10.0,,
loss_5pct,5.0,,,0.0422163588390501,3791.0,1689.0,0.1689,51.97601580619812,32.495757395059655,0.9,,,2.0,,joint_fault_3way_results.csv,,,10.0,,
loss_15pct,15.0,,,0.0578947368421052,3808.0,1240.0,0.124,310.8290116786957,3.989331604868948,0.9,,,2.0,,joint_fault_3way_results.csv,,,10.0,,
baseline,,,,0.0673575129533678,3866.0,1002.0,0.1002,47.96745657920837,20.889162600176714,0.9,,,1.0,,joint_fault_3way_results.csv,,,1000.0,,
loss_1pct,1.0,,,0.0463917525773195,3886.0,1603.0,0.1603,55.66844177246094,28.795488951390062,0.9,,,1.0,,joint_fault_3way_results.csv,,,1000.0,,
loss_5pct,5.0,,,0.0396825396825396,3782.0,1764.0,0.1764,52.49046754837036,33.60610187696386,0.9,,,1.0,,joint_fault_3way_results.csv,,,1000.0,,
loss_15pct,15.0,,,0.0469973890339425,3839.0,1565.0,0.1565,81.81361603736877,19.12884524362276,0.9,,,1.0,,joint_fault_3way_results.csv,,,1000.0,,
baseline,,,,0.0716180371352785,3776.0,870.0,0.087,48.864418268203735,17.804366261454348,0.9,,,2.0,,joint_fault_3way_results.csv,,,1000.0,,
loss_1pct,1.0,,,0.0474934036939313,3796.0,1533.0,0.1533,49.05820441246033,31.248595792687272,0.9,,,2.0,,joint_fault_3way_results.csv,,,1000.0,,
loss_5pct,5.0,,,0.0641711229946524,3742.0,1052.0,0.1052,50.32112669944763,20.905732224225968,0.9,,,2.0,,joint_fault_3way_results.csv,,,1000.0,,
loss_15pct,15.0,,,0.0621761658031088,3863.0,1140.0,0.114,77.80061197280884,14.652841039327914,0.9,,,2.0,,joint_fault_3way_results.csv,,,1000.0,,
baseline,,,,0.0520833333333333,3842.0,1416.0,0.1416,52.531272649765015,26.95537207789947,0.9,,,1.0,,joint_fault_3way_results.csv,,,100000.0,,
loss_1pct,1.0,,,0.0446194225721784,3818.0,1628.0,0.1628,49.21239876747131,33.0810942114873,0.9,,,1.0,,joint_fault_3way_results.csv,,,100000.0,,
loss_5pct,5.0,,,0.0442708333333333,3847.0,1651.0,0.1651,51.47580361366272,32.07332152385847,0.9,,,1.0,,joint_fault_3way_results.csv,,,100000.0,,
loss_15pct,15.0,,,0.0564102564102564,3903.0,1313.0,0.1313,69.02552843093872,19.02194781911275,0.9,,,1.0,,joint_fault_3way_results.csv,,,100000.0,,
baseline,,,,0.0471204188481675,3825.0,1555.0,0.1555,48.96026873588562,31.760446585544507,0.9,,,2.0,,joint_fault_3way_results.csv,,,100000.0,,
loss_1pct,1.0,,,0.0623376623376623,3858.0,1134.0,0.1134,48.35548734664917,23.45131984443915,0.9,,,2.0,,joint_fault_3way_results.csv,,,100000.0,,
loss_5pct,5.0,,,0.0449735449735449,3786.0,1604.0,0.1604,55.62001132965088,28.83854141081255,0.9,,,2.0,,joint_fault_3way_results.csv,,,100000.0,,
loss_15pct,15.0,,,0.0476190476190476,3785.0,1525.0,0.1525,78.2103009223938,19.49871029793404,0.9,,,2.0,,joint_fault_3way_results.csv,,,100000.0,,
baseline,,,,0.0,3806.0,3426.0,0.3426,48.31896042823792,70.9038433285047,1.0,,,1.0,,joint_fault_3way_results.csv,,,10.0,,
loss_1pct,1.0,,,0.0,3822.0,3440.0,0.344,49.02081775665283,70.17426794217732,1.0,,,1.0,,joint_fault_3way_results.csv,,,10.0,,
loss_5pct,5.0,,,0.0,3785.0,3407.0,0.3407,53.75956654548645,63.37476692854855,1.0,,,1.0,,joint_fault_3way_results.csv,,,10.0,,
loss_15pct,15.0,,,0.0,3817.0,3436.0,0.3436,81.23635268211365,42.29633515730855,1.0,,,1.0,,joint_fault_3way_results.csv,,,10.0,,
baseline,,,,0.0,3802.0,3422.0,0.3422,49.43458342552185,69.2227943046306,1.0,,,2.0,,joint_fault_3way_results.csv,,,10.0,,
loss_1pct,1.0,,,0.0,3907.0,3517.0,0.3517,54.00986576080322,65.11773266713811,1.0,,,2.0,,joint_fault_3way_results.csv,,,10.0,,
loss_5pct,5.0,,,0.0,3875.0,3488.0,0.3488,56.64111351966858,61.580710251905536,1.0,,,2.0,,joint_fault_3way_results.csv,,,10.0,,
loss_15pct,15.0,,,0.0,3805.0,3425.0,0.3425,201.991770029068,16.956136378759982,1.0,,,2.0,,joint_fault_3way_results.csv,,,10.0,,
baseline,,,,0.0,3813.0,3432.0,0.3432,49.27090644836426,69.65571058849352,1.0,,,1.0,,joint_fault_3way_results.csv,,,1000.0,,
loss_1pct,1.0,,,0.0,3799.0,3420.0,0.342,49.92384433746338,68.5043398677853,1.0,,,1.0,,joint_fault_3way_results.csv,,,1000.0,,
loss_5pct,5.0,,,0.0,3782.0,3404.0,0.3404,54.91724276542664,61.98417525329588,1.0,,,1.0,,joint_fault_3way_results.csv,,,1000.0,,
loss_15pct,15.0,,,0.0,3750.0,3375.0,0.3375,64.69555234909058,52.167419203546565,1.0,,,1.0,,joint_fault_3way_results.csv,,,1000.0,,
baseline,,,,0.0,3831.0,3448.0,0.3448,50.01528644561768,68.93892337793685,1.0,,,2.0,,joint_fault_3way_results.csv,,,1000.0,,
loss_1pct,1.0,,,0.0,3751.0,3376.0,0.3376,48.0016655921936,70.33089286278914,1.0,,,2.0,,joint_fault_3way_results.csv,,,1000.0,,
loss_5pct,5.0,,,0.0,3809.0,3429.0,0.3429,48.81765365600586,70.24098339839286,1.0,,,2.0,,joint_fault_3way_results.csv,,,1000.0,,
loss_15pct,15.0,,,0.0,3813.0,3432.0,0.3432,71.3066771030426,48.130135064918896,1.0,,,2.0,,joint_fault_3way_results.csv,,,1000.0,,
baseline,,,,0.0,3740.0,3366.0,0.3366,48.93020510673523,68.79186368946307,1.0,,,1.0,,joint_fault_3way_results.csv,,,100000.0,,
loss_1pct,1.0,,,0.0,3740.0,3366.0,0.3366,50.59141755104065,66.53302403721167,1.0,,,1.0,,joint_fault_3way_results.csv,,,100000.0,,
loss_5pct,5.0,,,0.0,3795.0,3416.0,0.3416,55.91514801979065,61.09256831066491,1.0,,,1.0,,joint_fault_3way_results.csv,,,100000.0,,
loss_15pct,15.0,,,0.0,3748.0,3374.0,0.3374,506.1052756309509,6.666597173470883,1.0,,,1.0,,joint_fault_3way_results.csv,,,100000.0,,
baseline,,,,0.0,3792.0,3413.0,0.3413,52.46453332901001,65.053471048656,1.0,,,2.0,,joint_fault_3way_results.csv,,,100000.0,,
loss_1pct,1.0,,,0.0,3847.0,3463.0,0.3463,51.92890906333923,66.68732431440213,1.0,,,2.0,,joint_fault_3way_results.csv,,,100000.0,,
loss_5pct,5.0,,,0.0,3886.0,3498.0,0.3498,83.44059252738953,41.92204170711965,1.0,,,2.0,,joint_fault_3way_results.csv,,,100000.0,,
loss_15pct,15.0,,,0.0,3865.0,3479.0,0.3479,109.7365972995758,31.7031882308369,1.0,,,2.0,,joint_fault_3way_results.csv,,,100000.0,,
lhs_0,3.46,26.9,18.9,0.0913838120104438,3839.0,407.0,0.0407,48.97361516952515,8.310597422533435,0.837,0.389,90.2,1.0,,joint_fault_lhs_results.csv,0.0,,,,
lhs_1,1.59,148.8,28.4,0.0798969072164948,3881.0,685.0,0.0685,71.52282500267029,9.577362191362347,0.858,0.396,28.4,1.0,,joint_fault_lhs_results.csv,1.0,,,,
lhs_2,11.01,67.8,7.2,0.0,3783.0,3405.0,0.3405,65.2831289768219,52.15742648010806,0.989,0.144,52.8,1.0,,joint_fault_lhs_results.csv,2.0,,,,
lhs_3,3.81,30.7,6.2,0.0771208226221079,3896.0,757.0,0.0757,50.30781817436218,15.047362964068704,0.878,0.15,65.6,1.0,,joint_fault_lhs_results.csv,3.0,,,,
lhs_4,12.08,104.1,25.1,0.0455764075067024,3738.0,1566.0,0.1566,76.38931441307068,20.500249439757347,0.9,0.378,31.5,1.0,,joint_fault_lhs_results.csv,4.0,,,,
lhs_5,11.72,124.2,0.5,0.1070496083550913,3837.0,62.0,0.0062,103.76499891281128,0.5975039815891638,0.803,0.175,77.3,1.0,,joint_fault_lhs_results.csv,5.0,,,,
lhs_6,8.95,12.5,5.1,0.0661375661375661,3787.0,1013.0,0.1013,48.255107164382935,20.99259662918529,0.867,0.226,68.2,1.0,,joint_fault_lhs_results.csv,6.0,,,,
lhs_7,12.86,89.3,16.6,0.0935828877005347,3747.0,348.0,0.0348,92.26628351211548,3.771691963232746,0.816,0.356,20.1,1.0,,joint_fault_lhs_results.csv,7.0,,,,
lhs_8,13.99,161.3,21.6,0.0684210526315789,3805.0,958.0,0.0958,98.011634349823,9.774349814234377,0.885,0.442,14.2,1.0,,joint_fault_lhs_results.csv,8.0,,,,
lhs_9,7.24,20.5,17.7,0.056,3755.0,1275.0,0.1275,50.20856857299805,25.39407189325229,0.912,0.439,60.1,1.0,,joint_fault_lhs_results.csv,9.0,,,,
lhs_10,4.25,50.5,1.8,0.0524934383202099,3813.0,1394.0,0.1394,55.62512826919556,25.060616368447608,0.916,0.184,46.7,1.0,,joint_fault_lhs_results.csv,10.0,,,,
lhs_11,13.29,132.1,24.0,0.0260416666666666,3842.0,2253.0,0.2253,138.72102665901184,16.241229280533418,0.958,0.338,49.5,1.0,,joint_fault_lhs_results.csv,11.0,,,,
lhs_12,4.93,108.6,15.0,0.08,3751.0,660.0,0.066,66.9344208240509,9.860397563384138,0.854,0.287,1.8,1.0,,joint_fault_lhs_results.csv,12.0,,,,
lhs_13,6.17,172.5,28.8,0.0335917312661498,3877.0,2009.0,0.2009,92.42660665512084,21.736165295955853,0.923,0.462,17.9,1.0,,joint_fault_lhs_results.csv,13.0,,,,
lhs_14,9.37,85.6,27.2,0.0516795865633074,3878.0,1441.0,0.1441,89.89722752571106,16.02941536309189,0.908,0.198,83.9,1.0,,joint_fault_lhs_results.csv,14.0,,,,
lhs_15,14.57,16.2,5.7,0.0899470899470899,3781.0,433.0,0.0433,52.03483653068543,8.321348328723122,0.848,0.307,44.0,1.0,,joint_fault_lhs_results.csv,15.0,,,,
lhs_16,9.61,57.1,8.9,0.0911528150134048,3732.0,401.0,0.0401,87.42344427108765,4.586870299419411,0.805,0.241,93.3,1.0,,joint_fault_lhs_results.csv,16.0,,,,
lhs_17,0.65,33.9,7.7,0.0822281167108753,3776.0,611.0,0.0611,50.687655210495,12.054217096108465,0.841,0.406,12.7,1.0,,joint_fault_lhs_results.csv,17.0,,,,
lhs_18,7.84,110.2,18.4,0.0647668393782383,3862.0,1070.0,0.107,73.45267033576965,14.567203549017009,0.864,0.237,96.1,1.0,,joint_fault_lhs_results.csv,18.0,,,,
lhs_19,3.31,58.2,24.2,0.0053475935828877,3748.0,3049.0,0.3049,56.88158369064331,53.60258632358618,0.991,0.276,26.7,1.0,,joint_fault_lhs_results.csv,19.0,,,,
lhs_20,5.41,196.9,20.2,0.0446194225721784,3817.0,1628.0,0.1628,94.6496229171753,17.20027983021769,0.928,0.26,36.9,1.0,,joint_fault_lhs_results.csv,20.0,,,,
lhs_21,1.0,47.3,14.2,0.0938337801608579,3733.0,341.0,0.0341,53.40527367591858,6.385137207035101,0.822,0.368,60.6,1.0,,joint_fault_lhs_results.csv,21.0,,,,
lhs_22,9.91,136.6,22.1,0.0677083333333333,3847.0,988.0,0.0988,86.6798243522644,11.398269520999436,0.835,0.34,64.2,1.0,,joint_fault_lhs_results.csv,22.0,,,,
lhs_23,10.58,142.6,25.9,0.0052493438320209,3813.0,3107.0,0.3107,80.70997738838196,38.49586012208754,0.983,0.111,9.5,1.0,,joint_fault_lhs_results.csv,23.0,,,,
lhs_24,12.57,184.5,23.0,0.0317460317460317,3788.0,2025.0,0.2025,128.70659184455872,15.73345988716436,0.947,0.496,55.4,1.0,,joint_fault_lhs_results.csv,24.0,,,,
lhs_25,1.94,39.0,11.1,0.0,3871.0,3484.0,0.3484,51.34539484977722,67.85418653792117,0.997,0.299,4.3,1.0,,joint_fault_lhs_results.csv,25.0,,,,
lhs_26,2.52,120.9,20.5,0.052219321148825,3838.0,1411.0,0.1411,68.4668357372284,20.60851775617809,0.951,0.319,55.7,1.0,,joint_fault_lhs_results.csv,26.0,,,,
lhs_27,8.16,95.3,4.1,0.0746666666666666,3759.0,791.0,0.0791,86.91434478759766,9.100914261426643,0.828,0.422,78.2,1.0,,joint_fault_lhs_results.csv,27.0,,,,
lhs_28,0.26,167.0,1.3,0.02088772845953,3833.0,2439.0,0.2439,77.54002833366394,31.45472154723356,0.972,0.207,72.9,1.0,,joint_fault_lhs_results.csv,28.0,,,,
lhs_29,4.81,166.5,3.4,0.0233766233766233,3852.0,2357.0,0.2357,82.04286217689514,28.72888557834562,0.935,0.131,80.8,1.0,,joint_fault_lhs_results.csv,29.0,,,,
lhs_30,5.67,191.0,2.6,0.0288713910761154,3817.0,2139.0,0.2139,92.13679933547974,23.21547975865405,0.893,0.212,86.0,1.0,,joint_fault_lhs_results.csv,30.0,,,,
lhs_31,10.36,156.8,9.2,0.0106382978723404,3760.0,2808.0,0.2808,92.95327806472778,30.20872483964101,0.969,0.161,40.0,1.0,,joint_fault_lhs_results.csv,31.0,,,,
lhs_32,1.45,77.3,15.6,0.0213333333333333,3754.0,2372.0,0.2372,60.51950979232788,39.19397245846001,0.944,0.104,21.1,1.0,,joint_fault_lhs_results.csv,32.0,,,,
lhs_33,13.8,117.8,15.9,0.0697674418604651,3876.0,941.0,0.0941,90.71391654014587,10.373270561893952,0.81,0.325,35.3,1.0,,joint_fault_lhs_results.csv,33.0,,,,
lhs_34,8.62,146.7,13.4,0.0157894736842105,3809.0,2625.0,0.2625,83.77011823654175,31.335756177253867,0.962,0.129,7.2,1.0,,joint_fault_lhs_results.csv,34.0,,,,
lhs_35,6.49,73.7,10.4,0.0131233595800524,3818.0,2743.0,0.2743,61.466654777526855,44.62582208073706,0.976,0.263,88.3,1.0,,joint_fault_lhs_results.csv,35.0,,,,
lhs_36,7.08,99.7,11.3,0.0474934036939313,3793.0,1531.0,0.1531,71.82539105415344,21.315581823225827,0.888,0.417,41.9,1.0,,joint_fault_lhs_results.csv,36.0,,,,
lhs_37,11.38,186.0,12.5,0.0859375,3848.0,535.0,0.0535,124.20565533638,4.307372305641688,0.87,0.46,24.4,1.0,,joint_fault_lhs_results.csv,37.0,,,,
lhs_38,14.76,180.5,26.9,0.0415584415584415,3859.0,1741.0,0.1741,255.18277716636655,6.8225607516801725,0.903,0.47,98.5,1.0,,joint_fault_lhs_results.csv,38.0,,,,
lhs_39,2.65,63.2,29.6,0.0339425587467362,3838.0,1977.0,0.1977,58.44518661499024,33.82656664309344,0.931,0.49,72.5,1.0,,joint_fault_lhs_results.csv,39.0,,,,
baseline,,,,0.0076923076923076,3906.0,3058.0,0.3058,53.20266366004944,57.47832513687264,,,,,,network_effects.csv,,,,,
latency_10ms,,10.0,,0.0157068062827225,3826.0,2640.0,0.264,57.32026028633118,46.057013468055466,,,,,,network_effects.csv,,,,,
latency_25ms,,25.0,,0.0131578947368421,3802.0,2730.0,0.273,60.89627194404602,44.83033054155492,,,,,,network_effects.csv,,,,,
latency_50ms,,50.0,,0.0104986876640419,3819.0,2859.0,0.2859,72.0872449874878,39.66027555216235,,,,,,network_effects.csv,,,,,
latency_75ms,,75.0,,0.0053050397877984,3774.0,3072.0,0.3072,82.80641531944275,37.09857488878282,,,,,,network_effects.csv,,,,,
latency_100ms,,100.0,,0.0181818181818181,3850.0,2556.0,0.2556,94.06059384346008,27.17397260168069,,,,,,network_effects.csv,,,,,
latency_150ms,,150.0,,0.0211640211640211,3787.0,2400.0,0.24,108.215190410614,22.17803240832816,,,,,,network_effects.csv,,,,,
latency_200ms,,200.0,,0.0,3785.0,3407.0,0.3407,128.63691353797913,26.485399146288657,,,,,,network_effects.csv,,,,,
jitter_50pm5ms,,50.0,5.0,0.0126903553299492,3949.0,2857.0,0.2857,55.249436140060425,51.71093498144207,,,,,,network_effects.csv,,,,,
jitter_50pm10ms,,50.0,10.0,0.0051948051948051,3851.0,3140.0,0.314,57.22436022758484,54.871736224084025,,,,,,network_effects.csv,,,,,
jitter_50pm20ms,,50.0,20.0,0.0078125,3848.0,3007.0,0.3007,54.540207386016846,55.13363707470871,,,,,,network_effects.csv,,,,,
jitter_50pm30ms,,50.0,30.0,0.0077720207253886,3863.0,3020.0,0.302,54.44453430175781,55.46929620633187,,,,,,network_effects.csv,,,,,
jitter_50pm50ms,,50.0,50.0,0.0130548302872062,3830.0,2754.0,0.2754,55.243231534957886,49.85226105495422,,,,,,network_effects.csv,,,,,
loss_1pct,1.0,,,0.0102827763496143,3891.0,2923.0,0.2923,54.70625352859497,53.430820271253765,,,,,,network_effects.csv,,,,,
loss_2.5pct,2.5,,,0.0025906735751295,3862.0,3295.0,0.3295,51.67371129989624,63.76549926667676,,,,,,network_effects.csv,,,,,
loss_5pct,5.0,,,0.0131926121372031,3798.0,2726.0,0.2726,54.75263476371765,49.78755838443065,,,,,,network_effects.csv,,,,,
loss_7.5pct,7.5,,,0.0,3760.0,3384.0,0.3384,66.31962084770203,51.02562343911916,,,,,,network_effects.csv,,,,,
loss_10pct,10.0,,,0.0157068062827225,3821.0,2636.0,0.2636,95.74242329597472,27.53220473489754,,,,,,network_effects.csv,,,,,
loss_12.5pct,12.5,,,0.0233766233766233,3855.0,2359.0,0.2359,227.40642738342285,10.37349747385356,,,,,,network_effects.csv,,,,,
loss_15pct,15.0,,,0.0107816711590296,3715.0,2769.0,0.2769,1079.7934584617617,2.564379306339406,,,,,,network_effects.csv,,,,,
asymmetric_100_10,,,,0.0128865979381443,3887.0,2803.0,0.2803,76.5664210319519,36.608737384111,,,,,,network_effects.csv,,,,100.0,10.0
