toeplitz_prob,final_key_prob,reconciliation_prob,verify_digest_prob,qber_after_reconciliation,secure_key_length,t_verify,verification_passed,keys_match,n_mismatched_bits,elapsed_seconds,faults_fired,non_convergent,error,condition,run
0.0,0.0,0.3,0.0,0.004873853211009175,1706,0,,False,825,0.03173518180847168,{'reconciliation_state': 14},False,,reconciliation_real_0.3,0
0.0,0.0,0.3,0.0,0.0031536697247706424,1706,0,,False,824,0.02908778190612793,{'reconciliation_state': 9},False,,reconciliation_real_0.3,1
0.0,0.0,0.3,0.0,0.0043004587155963305,1706,0,,False,864,0.027523040771484375,{'reconciliation_state': 12},False,,reconciliation_real_0.3,2
0.0,0.0,0.3,0.0,0.0020068807339449542,1706,0,,False,865,0.0295717716217041,{'reconciliation_state': 7},False,,reconciliation_real_0.3,3
0.0,0.0,0.3,0.0,0.0028669724770642203,1706,0,,False,850,0.030992507934570312,{'reconciliation_state': 10},False,,reconciliation_real_0.3,4
0.0,0.0,0.3,0.0,0.0031536697247706424,1706,0,,False,867,0.03205084800720215,{'reconciliation_state': 11},False,,reconciliation_real_0.3,5
0.0,0.0,0.3,0.0,0.0043004587155963305,1706,0,,False,847,0.028555631637573242,{'reconciliation_state': 13},False,,reconciliation_real_0.3,6
0.0,0.0,0.3,0.0,0.0045871559633027525,1706,0,,False,876,0.033334970474243164,{'reconciliation_state': 11},False,,reconciliation_real_0.3,7
0.0,0.0,0.3,0.0,0.0037270642201834864,1706,0,,False,835,0.03254246711730957,{'reconciliation_state': 11},False,,reconciliation_real_0.3,8
0.0,0.0,0.3,0.0,0.0028669724770642203,1706,0,,False,853,0.03822803497314453,{'reconciliation_state': 9},False,,reconciliation_real_0.3,9
0.0,0.0,0.1,0.0,0.0005733944954128441,1706,0,,False,840,0.04112505912780762,{'reconciliation_state': 2},False,,reconciliation_real_0.1,0
0.0,0.0,0.1,0.0,0.0011467889908256881,1706,0,,False,860,0.028888225555419922,{'reconciliation_state': 4},False,,reconciliation_real_0.1,1
0.0,0.0,0.1,0.0,0.0020068807339449542,1706,0,,False,852,0.030240297317504883,{'reconciliation_state': 7},False,,reconciliation_real_0.1,2
0.0,0.0,0.1,0.0,0.00028669724770642203,1706,0,,False,901,0.0287933349609375,{'reconciliation_state': 1},False,,reconciliation_real_0.1,3
0.0,0.0,0.1,0.0,0.0011467889908256881,1706,0,,False,859,0.03434014320373535,{'reconciliation_state': 4},False,,reconciliation_real_0.1,4
0.0,0.0,0.1,0.0,0.0022935779816513763,1706,0,,False,870,0.02869558334350586,{'reconciliation_state': 6},False,,reconciliation_real_0.1,5
0.0,0.0,0.1,0.0,0.0011467889908256881,1706,0,,False,852,0.027092456817626953,{'reconciliation_state': 4},False,,reconciliation_real_0.1,6
0.0,0.0,0.1,0.0,0.0011467889908256881,1706,0,,False,852,0.029843807220458984,{'reconciliation_state': 4},False,,reconciliation_real_0.1,7
0.0,0.0,0.1,0.0,0.0014334862385321102,1706,0,,False,894,0.030173778533935547,{'reconciliation_state': 5},False,,reconciliation_real_0.1,8
0.0,0.0,0.1,0.0,0.0014334862385321102,1706,0,,False,826,0.027317047119140625,{'reconciliation_state': 5},False,,reconciliation_real_0.1,9
0.0,0.0,0.03,0.0,0.00028669724770642203,1706,0,,False,871,0.0298159122467041,{'reconciliation_state': 1},False,,reconciliation_real_0.03,0
0.0,0.0,0.03,0.0,0.0,1706,0,,True,0,0.024912595748901367,{},False,,reconciliation_real_0.03,1
0.0,0.0,0.03,0.0,0.00028669724770642203,1706,0,,False,809,0.0253140926361084,{'reconciliation_state': 1},False,,reconciliation_real_0.03,2
0.0,0.0,0.03,0.0,0.0,1706,0,,True,0,0.02286672592163086,{},False,,reconciliation_real_0.03,3
0.0,0.0,0.03,0.0,0.00028669724770642203,1706,0,,False,829,0.026104450225830078,{'reconciliation_state': 1},False,,reconciliation_real_0.03,4
0.0,0.0,0.03,0.0,0.0005733944954128441,1706,0,,False,873,0.027158260345458984,{'reconciliation_state': 2},False,,reconciliation_real_0.03,5
0.0,0.0,0.03,0.0,0.00028669724770642203,1706,0,,False,873,0.02619647979736328,{'reconciliation_state': 1},False,,reconciliation_real_0.03,6
0.0,0.0,0.03,0.0,0.0,1706,0,,True,0,0.024990558624267578,{},False,,reconciliation_real_0.03,7
0.0,0.0,0.03,0.0,0.0005733944954128441,1706,0,,False,868,0.030604839324951172,{'reconciliation_state': 2},False,,reconciliation_real_0.03,8
0.0,0.0,0.03,0.0,0.0005733944954128441,1706,0,,False,868,0.029397010803222656,{'reconciliation_state': 2},False,,reconciliation_real_0.03,9
0.0,0.0,0.01,0.0,0.0,1706,0,,True,0,0.026566743850708008,{},False,,reconciliation_real_0.01,0
0.0,0.0,0.01,0.0,0.0,1706,0,,True,0,0.025466442108154297,{},False,,reconciliation_real_0.01,1
0.0,0.0,0.01,0.0,0.00028669724770642203,1706,0,,False,822,0.024665355682373047,{'reconciliation_state': 1},False,,reconciliation_real_0.01,2
0.0,0.0,0.01,0.0,0.0,1706,0,,True,0,0.023127317428588867,{},False,,reconciliation_real_0.01,3
0.0,0.0,0.01,0.0,0.0,1706,0,,True,0,0.024149656295776367,{},False,,reconciliation_real_0.01,4
0.0,0.0,0.01,0.0,0.0,1706,0,,True,0,0.02419734001159668,{},False,,reconciliation_real_0.01,5
0.0,0.0,0.01,0.0,0.0,1706,0,,True,0,0.02586507797241211,{},False,,reconciliation_real_0.01,6
0.0,0.0,0.01,0.0,0.0,1706,0,,True,0,0.026027441024780273,{},False,,reconciliation_real_0.01,7
0.0,0.0,0.01,0.0,0.00028669724770642203,1706,0,,False,865,0.027175188064575195,{'reconciliation_state': 1},False,,reconciliation_real_0.01,8
0.0,0.0,0.01,0.0,0.0,1706,0,,True,0,0.026834964752197266,{},False,,reconciliation_real_0.01,9
0.0,0.0,0.003,0.0,0.0,1706,0,,True,0,0.026301860809326172,{},False,,reconciliation_real_0.003,0
0.0,0.0,0.003,0.0,0.0,1706,0,,True,0,0.026443958282470703,{},False,,reconciliation_real_0.003,1
0.0,0.0,0.003,0.0,0.0,1706,0,,True,0,0.025697946548461914,{},False,,reconciliation_real_0.003,2
0.0,0.0,0.003,0.0,0.0,1706,0,,True,0,0.02537679672241211,{},False,,reconciliation_real_0.003,3
0.0,0.0,0.003,0.0,0.0,1706,0,,True,0,0.0250089168548584,{},False,,reconciliation_real_0.003,4
0.0,0.0,0.003,0.0,0.0,1706,0,,True,0,0.028062820434570312,{},False,,reconciliation_real_0.003,5
0.0,0.0,0.003,0.0,0.0,1706,0,,True,0,0.02442145347595215,{},False,,reconciliation_real_0.003,6
0.0,0.0,0.003,0.0,0.0,1706,0,,True,0,0.02605462074279785,{},False,,reconciliation_real_0.003,7
0.0,0.0,0.003,0.0,0.0,1706,0,,True,0,0.02677297592163086,{},False,,reconciliation_real_0.003,8
0.0,0.0,0.003,0.0,0.0,1706,0,,True,0,0.025668621063232422,{},False,,reconciliation_real_0.003,9
0.0,0.0,0.001,0.0,0.0,1706,0,,True,0,0.025842905044555664,{},False,,reconciliation_real_0.001,0
0.0,0.0,0.001,0.0,0.0,1706,0,,True,0,0.02488231658935547,{},False,,reconciliation_real_0.001,1
0.0,0.0,0.001,0.0,0.0,1706,0,,True,0,0.02876138687133789,{},False,,reconciliation_real_0.001,2
0.0,0.0,0.001,0.0,0.0,1706,0,,True,0,0.026106834411621094,{},False,,reconciliation_real_0.001,3
0.0,0.0,0.001,0.0,0.0,1706,0,,True,0,0.026038169860839844,{},False,,reconciliation_real_0.001,4
0.0,0.0,0.001,0.0,0.0,1706,0,,True,0,0.02799224853515625,{},False,,reconciliation_real_0.001,5
0.0,0.0,0.001,0.0,0.0,1706,0,,True,0,0.028520584106445312,{},False,,reconciliation_real_0.001,6
0.0,0.0,0.001,0.0,0.0,1706,0,,True,0,0.02382636070251465,{},False,,reconciliation_real_0.001,7
0.0,0.0,0.001,0.0,0.0,1706,0,,True,0,0.02437305450439453,{},False,,reconciliation_real_0.001,8
0.0,0.0,0.001,0.0,0.0,1706,0,,True,0,0.025128602981567383,{},False,,reconciliation_real_0.001,9
