toeplitz_prob,final_key_prob,reconciliation_prob,verify_digest_prob,qber_after_reconciliation,secure_key_length,t_verify,verification_passed,keys_match,n_mismatched_bits,elapsed_seconds,faults_fired,non_convergent,error,condition,run,fault_type,prob
0.0,0.0,0.0,0.5,0.0,186,32,True,True,0,0.026114702224731445,{},False,,verify_digest_0.5,0,verify_digest,0.5
0.0,0.0,0.0,0.5,0.0,186,32,False,True,0,0.02214956283569336,{'verification_digest': 1},False,,verify_digest_0.5,1,verify_digest,0.5
0.0,0.0,0.0,0.5,0.0,186,32,True,True,0,0.022289037704467773,{},False,,verify_digest_0.5,2,verify_digest,0.5
0.0,0.0,0.0,0.5,0.0,186,32,False,True,0,0.022179841995239258,{'verification_digest': 1},False,,verify_digest_0.5,3,verify_digest,0.5
0.0,0.0,0.0,0.5,0.0,186,32,True,True,0,0.0240631103515625,{},False,,verify_digest_0.5,4,verify_digest,0.5
0.0,0.0,0.0,0.5,0.0,186,32,True,True,0,0.023999929428100586,{},False,,verify_digest_0.5,5,verify_digest,0.5
0.0,0.0,0.0,0.5,0.0,186,32,False,True,0,0.02460312843322754,{'verification_digest': 1},False,,verify_digest_0.5,6,verify_digest,0.5
0.0,0.0,0.0,0.5,0.0,186,32,True,True,0,0.023046493530273438,{},False,,verify_digest_0.5,7,verify_digest,0.5
0.0,0.0,0.0,0.5,0.0,186,32,False,True,0,0.024249792098999023,{'verification_digest': 1},False,,verify_digest_0.5,8,verify_digest,0.5
0.0,0.0,0.0,0.5,0.0,186,32,True,True,0,0.025394916534423828,{},False,,verify_digest_0.5,9,verify_digest,0.5
0.0,0.0,0.0,0.5,0.0,186,32,True,True,0,0.0416417121887207,{},False,,verify_digest_0.5,10,verify_digest,0.5
0.0,0.0,0.0,0.5,0.0,186,32,True,True,0,0.022889375686645508,{},False,,verify_digest_0.5,11,verify_digest,0.5
0.0,0.0,0.0,0.5,0.0,186,32,False,True,0,0.02496337890625,{'verification_digest': 1},False,,verify_digest_0.5,12,verify_digest,0.5
0.0,0.0,0.0,0.5,0.0,186,32,False,True,0,0.02745342254638672,{'verification_digest': 1},False,,verify_digest_0.5,13,verify_digest,0.5
0.0,0.0,0.0,0.5,0.0,186,32,True,True,0,0.026894092559814453,{},False,,verify_digest_0.5,14,verify_digest,0.5
0.0,0.0,0.0,0.5,0.0,186,32,True,True,0,0.024006366729736328,{},False,,verify_digest_0.5,15,verify_digest,0.5
0.0,0.0,0.0,0.5,0.0,186,32,True,True,0,0.02474236488342285,{},False,,verify_digest_0.5,16,verify_digest,0.5
0.0,0.0,0.0,0.5,0.0,186,32,True,True,0,0.024573087692260742,{},False,,verify_digest_0.5,17,verify_digest,0.5
0.0,0.0,0.0,0.5,0.0,186,32,False,True,0,0.02329540252685547,{'verification_digest': 1},False,,verify_digest_0.5,18,verify_digest,0.5
0.0,0.0,0.0,0.5,0.0,186,32,False,True,0,0.022137880325317383,{'verification_digest': 1},False,,verify_digest_0.5,19,verify_digest,0.5
0.0,0.0,0.0,0.5,0.0,186,32,False,True,0,0.023586273193359375,{'verification_digest': 1},False,,verify_digest_0.5,20,verify_digest,0.5
0.0,0.0,0.0,0.5,0.0,186,32,False,True,0,0.022407054901123047,{'verification_digest': 1},False,,verify_digest_0.5,21,verify_digest,0.5
0.0,0.0,0.0,0.5,0.0,186,32,False,True,0,0.02363443374633789,{'verification_digest': 1},False,,verify_digest_0.5,22,verify_digest,0.5
0.0,0.0,0.0,0.5,0.0,186,32,False,True,0,0.021933794021606445,{'verification_digest': 1},False,,verify_digest_0.5,23,verify_digest,0.5
0.0,0.0,0.0,0.5,0.0,186,32,False,True,0,0.028975248336791992,{'verification_digest': 1},False,,verify_digest_0.5,24,verify_digest,0.5
0.0,0.0,0.0,0.5,0.0,186,32,False,True,0,0.025115251541137695,{'verification_digest': 1},False,,verify_digest_0.5,25,verify_digest,0.5
0.0,0.0,0.0,0.5,0.0,186,32,True,True,0,0.022489309310913086,{},False,,verify_digest_0.5,26,verify_digest,0.5
0.0,0.0,0.0,0.5,0.0,186,32,True,True,0,0.021751880645751953,{},False,,verify_digest_0.5,27,verify_digest,0.5
0.0,0.0,0.0,0.5,0.0,186,32,False,True,0,0.022990942001342773,{'verification_digest': 1},False,,verify_digest_0.5,28,verify_digest,0.5
0.0,0.0,0.0,0.5,0.0,186,32,False,True,0,0.023308753967285156,{'verification_digest': 1},False,,verify_digest_0.5,29,verify_digest,0.5
0.0,0.0,0.0,0.5,0.0,186,32,False,True,0,0.021520137786865234,{'verification_digest': 1},False,,verify_digest_0.5,30,verify_digest,0.5
0.0,0.0,0.0,0.5,0.0,186,32,False,True,0,0.024674654006958008,{'verification_digest': 1},False,,verify_digest_0.5,31,verify_digest,0.5
0.0,0.0,0.0,0.5,0.0,186,32,True,True,0,0.02438044548034668,{},False,,verify_digest_0.5,32,verify_digest,0.5
0.0,0.0,0.0,0.5,0.0,186,32,True,True,0,0.02764129638671875,{},False,,verify_digest_0.5,33,verify_digest,0.5
0.0,0.0,0.0,0.5,0.0,186,32,True,True,0,0.028325557708740234,{},False,,verify_digest_0.5,34,verify_digest,0.5
0.0,0.0,0.0,0.5,0.0,186,32,False,True,0,0.025795459747314453,{'verification_digest': 1},False,,verify_digest_0.5,35,verify_digest,0.5
0.0,0.0,0.0,0.5,0.0,186,32,True,True,0,0.023775577545166016,{},False,,verify_digest_0.5,36,verify_digest,0.5
0.0,0.0,0.0,0.5,0.0,186,32,False,True,0,0.025589466094970703,{'verification_digest': 1},False,,verify_digest_0.5,37,verify_digest,0.5
0.0,0.0,0.0,0.5,0.0,186,32,False,True,0,0.026818513870239258,{'verification_digest': 1},False,,verify_digest_0.5,38,verify_digest,0.5
0.0,0.0,0.0,0.5,0.0,186,32,False,True,0,0.02625250816345215,{'verification_digest': 1},False,,verify_digest_0.5,39,verify_digest,0.5
0.0,0.0,0.0,0.5,0.0,186,32,True,True,0,0.024788379669189453,{},False,,verify_digest_0.5,40,verify_digest,0.5
0.0,0.0,0.0,0.5,0.0,186,32,False,True,0,0.0255129337310791,{'verification_digest': 1},False,,verify_digest_0.5,41,verify_digest,0.5
0.0,0.0,0.0,0.5,0.0,186,32,True,True,0,0.02420353889465332,{},False,,verify_digest_0.5,42,verify_digest,0.5
0.0,0.0,0.0,0.5,0.0,186,32,True,True,0,0.024017810821533203,{},False,,verify_digest_0.5,43,verify_digest,0.5
0.0,0.0,0.0,0.5,0.0,186,32,True,True,0,0.023676395416259766,{},False,,verify_digest_0.5,44,verify_digest,0.5
0.0,0.0,0.0,0.5,0.0,186,32,False,True,0,0.024011850357055664,{'verification_digest': 1},False,,verify_digest_0.5,45,verify_digest,0.5
0.0,0.0,0.0,0.5,0.0,186,32,False,True,0,0.026292085647583008,{'verification_digest': 1},False,,verify_digest_0.5,46,verify_digest,0.5
0.0,0.0,0.0,0.5,0.0,186,32,True,True,0,0.023909807205200195,{},False,,verify_digest_0.5,47,verify_digest,0.5
0.0,0.0,0.0,0.5,0.0,186,32,False,True,0,0.023568153381347656,{'verification_digest': 1},False,,verify_digest_0.5,48,verify_digest,0.5
0.0,0.0,0.0,0.5,0.0,186,32,True,True,0,0.02436375617980957,{},False,,verify_digest_0.5,49,verify_digest,0.5
0.0,0.0,0.0,0.3,0.0,186,32,True,True,0,0.027538061141967773,{},False,,verify_digest_0.3,0,verify_digest,0.3
0.0,0.0,0.0,0.3,0.0,186,32,False,True,0,0.023874759674072266,{'verification_digest': 1},False,,verify_digest_0.3,1,verify_digest,0.3
0.0,0.0,0.0,0.3,0.0,186,32,True,True,0,0.0226743221282959,{},False,,verify_digest_0.3,2,verify_digest,0.3
0.0,0.0,0.0,0.3,0.0,186,32,False,True,0,0.023932695388793945,{'verification_digest': 1},False,,verify_digest_0.3,3,verify_digest,0.3
0.0,0.0,0.0,0.3,0.0,186,32,True,True,0,0.023387908935546875,{},False,,verify_digest_0.3,4,verify_digest,0.3
0.0,0.0,0.0,0.3,0.0,186,32,True,True,0,0.024796485900878906,{},False,,verify_digest_0.3,5,verify_digest,0.3
0.0,0.0,0.0,0.3,0.0,186,32,True,True,0,0.02321004867553711,{},False,,verify_digest_0.3,6,verify_digest,0.3
0.0,0.0,0.0,0.3,0.0,186,32,True,True,0,0.022210359573364258,{},False,,verify_digest_0.3,7,verify_digest,0.3
0.0,0.0,0.0,0.3,0.0,186,32,True,True,0,0.02474808692932129,{},False,,verify_digest_0.3,8,verify_digest,0.3
0.0,0.0,0.0,0.3,0.0,186,32,True,True,0,0.025461673736572266,{},False,,verify_digest_0.3,9,verify_digest,0.3
0.0,0.0,0.0,0.3,0.0,186,32,True,True,0,0.02788853645324707,{},False,,verify_digest_0.3,10,verify_digest,0.3
0.0,0.0,0.0,0.3,0.0,186,32,True,True,0,0.025750160217285156,{},False,,verify_digest_0.3,11,verify_digest,0.3
0.0,0.0,0.0,0.3,0.0,186,32,True,True,0,0.022806406021118164,{},False,,verify_digest_0.3,12,verify_digest,0.3
0.0,0.0,0.0,0.3,0.0,186,32,False,True,0,0.025004863739013672,{'verification_digest': 1},False,,verify_digest_0.3,13,verify_digest,0.3
0.0,0.0,0.0,0.3,0.0,186,32,True,True,0,0.027886390686035156,{},False,,verify_digest_0.3,14,verify_digest,0.3
0.0,0.0,0.0,0.3,0.0,186,32,True,True,0,0.02441120147705078,{},False,,verify_digest_0.3,15,verify_digest,0.3
0.0,0.0,0.0,0.3,0.0,186,32,True,True,0,0.023439407348632812,{},False,,verify_digest_0.3,16,verify_digest,0.3
0.0,0.0,0.0,0.3,0.0,186,32,True,True,0,0.028995275497436523,{},False,,verify_digest_0.3,17,verify_digest,0.3
0.0,0.0,0.0,0.3,0.0,186,32,False,True,0,0.025844812393188477,{'verification_digest': 1},False,,verify_digest_0.3,18,verify_digest,0.3
0.0,0.0,0.0,0.3,0.0,186,32,False,True,0,0.02280569076538086,{'verification_digest': 1},False,,verify_digest_0.3,19,verify_digest,0.3
0.0,0.0,0.0,0.3,0.0,186,32,False,True,0,0.022739171981811523,{'verification_digest': 1},False,,verify_digest_0.3,20,verify_digest,0.3
0.0,0.0,0.0,0.3,0.0,186,32,False,True,0,0.022777080535888672,{'verification_digest': 1},False,,verify_digest_0.3,21,verify_digest,0.3
0.0,0.0,0.0,0.3,0.0,186,32,False,True,0,0.02461409568786621,{'verification_digest': 1},False,,verify_digest_0.3,22,verify_digest,0.3
0.0,0.0,0.0,0.3,0.0,186,32,True,True,0,0.02399730682373047,{},False,,verify_digest_0.3,23,verify_digest,0.3
0.0,0.0,0.0,0.3,0.0,186,32,False,True,0,0.028716087341308594,{'verification_digest': 1},False,,verify_digest_0.3,24,verify_digest,0.3
0.0,0.0,0.0,0.3,0.0,186,32,False,True,0,0.022518157958984375,{'verification_digest': 1},False,,verify_digest_0.3,25,verify_digest,0.3
0.0,0.0,0.0,0.3,0.0,186,32,True,True,0,0.02326679229736328,{},False,,verify_digest_0.3,26,verify_digest,0.3
0.0,0.0,0.0,0.3,0.0,186,32,True,True,0,0.02316141128540039,{},False,,verify_digest_0.3,27,verify_digest,0.3
0.0,0.0,0.0,0.3,0.0,186,32,False,True,0,0.02479076385498047,{'verification_digest': 1},False,,verify_digest_0.3,28,verify_digest,0.3
0.0,0.0,0.0,0.3,0.0,186,32,False,True,0,0.023525476455688477,{'verification_digest': 1},False,,verify_digest_0.3,29,verify_digest,0.3
0.0,0.0,0.0,0.3,0.0,186,32,False,True,0,0.022960662841796875,{'verification_digest': 1},False,,verify_digest_0.3,30,verify_digest,0.3
0.0,0.0,0.0,0.3,0.0,186,32,False,True,0,0.02430868148803711,{'verification_digest': 1},False,,verify_digest_0.3,31,verify_digest,0.3
0.0,0.0,0.0,0.3,0.0,186,32,True,True,0,0.025603771209716797,{},False,,verify_digest_0.3,32,verify_digest,0.3
0.0,0.0,0.0,0.3,0.0,186,32,True,True,0,0.026416301727294922,{},False,,verify_digest_0.3,33,verify_digest,0.3
0.0,0.0,0.0,0.3,0.0,186,32,True,True,0,0.022876977920532227,{},False,,verify_digest_0.3,34,verify_digest,0.3
0.0,0.0,0.0,0.3,0.0,186,32,True,True,0,0.02621746063232422,{},False,,verify_digest_0.3,35,verify_digest,0.3
0.0,0.0,0.0,0.3,0.0,186,32,True,True,0,0.033274173736572266,{},False,,verify_digest_0.3,36,verify_digest,0.3
0.0,0.0,0.0,0.3,0.0,186,32,False,True,0,0.026613712310791016,{'verification_digest': 1},False,,verify_digest_0.3,37,verify_digest,0.3
0.0,0.0,0.0,0.3,0.0,186,32,True,True,0,0.02513742446899414,{},False,,verify_digest_0.3,38,verify_digest,0.3
0.0,0.0,0.0,0.3,0.0,186,32,False,True,0,0.023527860641479492,{'verification_digest': 1},False,,verify_digest_0.3,39,verify_digest,0.3
0.0,0.0,0.0,0.3,0.0,186,32,True,True,0,0.024954795837402344,{},False,,verify_digest_0.3,40,verify_digest,0.3
0.0,0.0,0.0,0.3,0.0,186,32,False,True,0,0.026620149612426758,{'verification_digest': 1},False,,verify_digest_0.3,41,verify_digest,0.3
0.0,0.0,0.0,0.3,0.0,186,32,True,True,0,0.02378368377685547,{},False,,verify_digest_0.3,42,verify_digest,0.3
0.0,0.0,0.0,0.3,0.0,186,32,True,True,0,0.02347397804260254,{},False,,verify_digest_0.3,43,verify_digest,0.3
0.0,0.0,0.0,0.3,0.0,186,32,True,True,0,0.024039745330810547,{},False,,verify_digest_0.3,44,verify_digest,0.3
0.0,0.0,0.0,0.3,0.0,186,32,False,True,0,0.023328304290771484,{'verification_digest': 1},False,,verify_digest_0.3,45,verify_digest,0.3
0.0,0.0,0.0,0.3,0.0,186,32,True,True,0,0.025946617126464844,{},False,,verify_digest_0.3,46,verify_digest,0.3
0.0,0.0,0.0,0.3,0.0,186,32,True,True,0,0.023078203201293945,{},False,,verify_digest_0.3,47,verify_digest,0.3
0.0,0.0,0.0,0.3,0.0,186,32,False,True,0,0.02492666244506836,{'verification_digest': 1},False,,verify_digest_0.3,48,verify_digest,0.3
0.0,0.0,0.0,0.3,0.0,186,32,True,True,0,0.024533748626708984,{},False,,verify_digest_0.3,49,verify_digest,0.3
0.0,0.0,0.0,0.1,0.0,186,32,True,True,0,0.02474665641784668,{},False,,verify_digest_0.1,0,verify_digest,0.1
0.0,0.0,0.0,0.1,0.0,186,32,False,True,0,0.023673295974731445,{'verification_digest': 1},False,,verify_digest_0.1,1,verify_digest,0.1
0.0,0.0,0.0,0.1,0.0,186,32,True,True,0,0.024753570556640625,{},False,,verify_digest_0.1,2,verify_digest,0.1
0.0,0.0,0.0,0.1,0.0,186,32,False,True,0,0.023328781127929688,{'verification_digest': 1},False,,verify_digest_0.1,3,verify_digest,0.1
0.0,0.0,0.0,0.1,0.0,186,32,True,True,0,0.023311138153076172,{},False,,verify_digest_0.1,4,verify_digest,0.1
0.0,0.0,0.0,0.1,0.0,186,32,True,True,0,0.023747920989990234,{},False,,verify_digest_0.1,5,verify_digest,0.1
0.0,0.0,0.0,0.1,0.0,186,32,True,True,0,0.022933006286621094,{},False,,verify_digest_0.1,6,verify_digest,0.1
0.0,0.0,0.0,0.1,0.0,186,32,True,True,0,0.02393341064453125,{},False,,verify_digest_0.1,7,verify_digest,0.1
0.0,0.0,0.0,0.1,0.0,186,32,True,True,0,0.022972822189331055,{},False,,verify_digest_0.1,8,verify_digest,0.1
0.0,0.0,0.0,0.1,0.0,186,32,True,True,0,0.02346634864807129,{},False,,verify_digest_0.1,9,verify_digest,0.1
0.0,0.0,0.0,0.1,0.0,186,32,True,True,0,0.02754354476928711,{},False,,verify_digest_0.1,10,verify_digest,0.1
0.0,0.0,0.0,0.1,0.0,186,32,True,True,0,0.024359464645385742,{},False,,verify_digest_0.1,11,verify_digest,0.1
0.0,0.0,0.0,0.1,0.0,186,32,True,True,0,0.02272343635559082,{},False,,verify_digest_0.1,12,verify_digest,0.1
0.0,0.0,0.0,0.1,0.0,186,32,True,True,0,0.025390148162841797,{},False,,verify_digest_0.1,13,verify_digest,0.1
0.0,0.0,0.0,0.1,0.0,186,32,True,True,0,0.031263113021850586,{},False,,verify_digest_0.1,14,verify_digest,0.1
0.0,0.0,0.0,0.1,0.0,186,32,True,True,0,0.027529239654541016,{},False,,verify_digest_0.1,15,verify_digest,0.1
0.0,0.0,0.0,0.1,0.0,186,32,True,True,0,0.023510217666625977,{},False,,verify_digest_0.1,16,verify_digest,0.1
0.0,0.0,0.0,0.1,0.0,186,32,True,True,0,0.023297786712646484,{},False,,verify_digest_0.1,17,verify_digest,0.1
0.0,0.0,0.0,0.1,0.0,186,32,False,True,0,0.02280282974243164,{'verification_digest': 1},False,,verify_digest_0.1,18,verify_digest,0.1
0.0,0.0,0.0,0.1,0.0,186,32,False,True,0,0.022904157638549805,{'verification_digest': 1},False,,verify_digest_0.1,19,verify_digest,0.1
0.0,0.0,0.0,0.1,0.0,186,32,False,True,0,0.0233004093170166,{'verification_digest': 1},False,,verify_digest_0.1,20,verify_digest,0.1
0.0,0.0,0.0,0.1,0.0,186,32,True,True,0,0.024587392807006836,{},False,,verify_digest_0.1,21,verify_digest,0.1
0.0,0.0,0.0,0.1,0.0,186,32,True,True,0,0.02393341064453125,{},False,,verify_digest_0.1,22,verify_digest,0.1
0.0,0.0,0.0,0.1,0.0,186,32,True,True,0,0.02373337745666504,{},False,,verify_digest_0.1,23,verify_digest,0.1
0.0,0.0,0.0,0.1,0.0,186,32,True,True,0,0.023823022842407227,{},False,,verify_digest_0.1,24,verify_digest,0.1
0.0,0.0,0.0,0.1,0.0,186,32,True,True,0,0.02346658706665039,{},False,,verify_digest_0.1,25,verify_digest,0.1
0.0,0.0,0.0,0.1,0.0,186,32,True,True,0,0.022626161575317383,{},False,,verify_digest_0.1,26,verify_digest,0.1
0.0,0.0,0.0,0.1,0.0,186,32,True,True,0,0.022188425064086914,{},False,,verify_digest_0.1,27,verify_digest,0.1
0.0,0.0,0.0,0.1,0.0,186,32,True,True,0,0.023466110229492188,{},False,,verify_digest_0.1,28,verify_digest,0.1
0.0,0.0,0.0,0.1,0.0,186,32,False,True,0,0.023680925369262695,{'verification_digest': 1},False,,verify_digest_0.1,29,verify_digest,0.1
0.0,0.0,0.0,0.1,0.0,186,32,True,True,0,0.022687673568725586,{},False,,verify_digest_0.1,30,verify_digest,0.1
0.0,0.0,0.0,0.1,0.0,186,32,True,True,0,0.02311253547668457,{},False,,verify_digest_0.1,31,verify_digest,0.1
0.0,0.0,0.0,0.1,0.0,186,32,True,True,0,0.02682352066040039,{},False,,verify_digest_0.1,32,verify_digest,0.1
0.0,0.0,0.0,0.1,0.0,186,32,True,True,0,0.03090190887451172,{},False,,verify_digest_0.1,33,verify_digest,0.1
0.0,0.0,0.0,0.1,0.0,186,32,True,True,0,0.02250218391418457,{},False,,verify_digest_0.1,34,verify_digest,0.1
0.0,0.0,0.0,0.1,0.0,186,32,True,True,0,0.026514768600463867,{},False,,verify_digest_0.1,35,verify_digest,0.1
0.0,0.0,0.0,0.1,0.0,186,32,True,True,0,0.025316476821899414,{},False,,verify_digest_0.1,36,verify_digest,0.1
0.0,0.0,0.0,0.1,0.0,186,32,True,True,0,0.026610374450683594,{},False,,verify_digest_0.1,37,verify_digest,0.1
0.0,0.0,0.0,0.1,0.0,186,32,True,True,0,0.02680230140686035,{},False,,verify_digest_0.1,38,verify_digest,0.1
0.0,0.0,0.0,0.1,0.0,186,32,True,True,0,0.02339911460876465,{},False,,verify_digest_0.1,39,verify_digest,0.1
0.0,0.0,0.0,0.1,0.0,186,32,True,True,0,0.02646017074584961,{},False,,verify_digest_0.1,40,verify_digest,0.1
0.0,0.0,0.0,0.1,0.0,186,32,True,True,0,0.0271451473236084,{},False,,verify_digest_0.1,41,verify_digest,0.1
0.0,0.0,0.0,0.1,0.0,186,32,True,True,0,0.02379441261291504,{},False,,verify_digest_0.1,42,verify_digest,0.1
0.0,0.0,0.0,0.1,0.0,186,32,True,True,0,0.022599458694458008,{},False,,verify_digest_0.1,43,verify_digest,0.1
0.0,0.0,0.0,0.1,0.0,186,32,True,True,0,0.02380847930908203,{},False,,verify_digest_0.1,44,verify_digest,0.1
0.0,0.0,0.0,0.1,0.0,186,32,True,True,0,0.02379584312438965,{},False,,verify_digest_0.1,45,verify_digest,0.1
0.0,0.0,0.0,0.1,0.0,186,32,True,True,0,0.025803565979003906,{},False,,verify_digest_0.1,46,verify_digest,0.1
0.0,0.0,0.0,0.1,0.0,186,32,True,True,0,0.024221181869506836,{},False,,verify_digest_0.1,47,verify_digest,0.1
0.0,0.0,0.0,0.1,0.0,186,32,False,True,0,0.024051904678344727,{'verification_digest': 1},False,,verify_digest_0.1,48,verify_digest,0.1
0.0,0.0,0.0,0.1,0.0,186,32,True,True,0,0.02403545379638672,{},False,,verify_digest_0.1,49,verify_digest,0.1
0.0,0.0,0.0,0.05,0.0,186,32,True,True,0,0.02502584457397461,{},False,,verify_digest_0.05,0,verify_digest,0.05
0.0,0.0,0.0,0.05,0.0,186,32,False,True,0,0.022617101669311523,{'verification_digest': 1},False,,verify_digest_0.05,1,verify_digest,0.05
0.0,0.0,0.0,0.05,0.0,186,32,True,True,0,0.023116588592529297,{},False,,verify_digest_0.05,2,verify_digest,0.05
0.0,0.0,0.0,0.05,0.0,186,32,False,True,0,0.026456832885742188,{'verification_digest': 1},False,,verify_digest_0.05,3,verify_digest,0.05
0.0,0.0,0.0,0.05,0.0,186,32,True,True,0,0.026564836502075195,{},False,,verify_digest_0.05,4,verify_digest,0.05
0.0,0.0,0.0,0.05,0.0,186,32,True,True,0,0.025925636291503906,{},False,,verify_digest_0.05,5,verify_digest,0.05
0.0,0.0,0.0,0.05,0.0,186,32,True,True,0,0.02379012107849121,{},False,,verify_digest_0.05,6,verify_digest,0.05
0.0,0.0,0.0,0.05,0.0,186,32,True,True,0,0.024779081344604492,{},False,,verify_digest_0.05,7,verify_digest,0.05
0.0,0.0,0.0,0.05,0.0,186,32,True,True,0,0.024628162384033203,{},False,,verify_digest_0.05,8,verify_digest,0.05
0.0,0.0,0.0,0.05,0.0,186,32,True,True,0,0.02344799041748047,{},False,,verify_digest_0.05,9,verify_digest,0.05
0.0,0.0,0.0,0.05,0.0,186,32,True,True,0,0.026543617248535156,{},False,,verify_digest_0.05,10,verify_digest,0.05
0.0,0.0,0.0,0.05,0.0,186,32,True,True,0,0.026305198669433594,{},False,,verify_digest_0.05,11,verify_digest,0.05
0.0,0.0,0.0,0.05,0.0,186,32,True,True,0,0.02489924430847168,{},False,,verify_digest_0.05,12,verify_digest,0.05
0.0,0.0,0.0,0.05,0.0,186,32,True,True,0,0.025007963180541992,{},False,,verify_digest_0.05,13,verify_digest,0.05
0.0,0.0,0.0,0.05,0.0,186,32,True,True,0,0.029652833938598633,{},False,,verify_digest_0.05,14,verify_digest,0.05
0.0,0.0,0.0,0.05,0.0,186,32,True,True,0,0.02533555030822754,{},False,,verify_digest_0.05,15,verify_digest,0.05
0.0,0.0,0.0,0.05,0.0,186,32,True,True,0,0.022098541259765625,{},False,,verify_digest_0.05,16,verify_digest,0.05
0.0,0.0,0.0,0.05,0.0,186,32,True,True,0,0.02525949478149414,{},False,,verify_digest_0.05,17,verify_digest,0.05
0.0,0.0,0.0,0.05,0.0,186,32,True,True,0,0.02229452133178711,{},False,,verify_digest_0.05,18,verify_digest,0.05
0.0,0.0,0.0,0.05,0.0,186,32,True,True,0,0.02308034896850586,{},False,,verify_digest_0.05,19,verify_digest,0.05
0.0,0.0,0.0,0.05,0.0,186,32,False,True,0,0.02381587028503418,{'verification_digest': 1},False,,verify_digest_0.05,20,verify_digest,0.05
0.0,0.0,0.0,0.05,0.0,186,32,True,True,0,0.023604393005371094,{},False,,verify_digest_0.05,21,verify_digest,0.05
0.0,0.0,0.0,0.05,0.0,186,32,True,True,0,0.025855541229248047,{},False,,verify_digest_0.05,22,verify_digest,0.05
0.0,0.0,0.0,0.05,0.0,186,32,True,True,0,0.023992061614990234,{},False,,verify_digest_0.05,23,verify_digest,0.05
0.0,0.0,0.0,0.05,0.0,186,32,True,True,0,0.023386240005493164,{},False,,verify_digest_0.05,24,verify_digest,0.05
0.0,0.0,0.0,0.05,0.0,186,32,True,True,0,0.02330923080444336,{},False,,verify_digest_0.05,25,verify_digest,0.05
0.0,0.0,0.0,0.05,0.0,186,32,True,True,0,0.023689746856689453,{},False,,verify_digest_0.05,26,verify_digest,0.05
0.0,0.0,0.0,0.05,0.0,186,32,True,True,0,0.024875402450561523,{},False,,verify_digest_0.05,27,verify_digest,0.05
0.0,0.0,0.0,0.05,0.0,186,32,True,True,0,0.02491307258605957,{},False,,verify_digest_0.05,28,verify_digest,0.05
0.0,0.0,0.0,0.05,0.0,186,32,True,True,0,0.026245594024658203,{},False,,verify_digest_0.05,29,verify_digest,0.05
0.0,0.0,0.0,0.05,0.0,186,32,True,True,0,0.02314162254333496,{},False,,verify_digest_0.05,30,verify_digest,0.05
0.0,0.0,0.0,0.05,0.0,186,32,True,True,0,0.024608373641967773,{},False,,verify_digest_0.05,31,verify_digest,0.05
0.0,0.0,0.0,0.05,0.0,186,32,True,True,0,0.02584052085876465,{},False,,verify_digest_0.05,32,verify_digest,0.05
0.0,0.0,0.0,0.05,0.0,186,32,True,True,0,0.02619647979736328,{},False,,verify_digest_0.05,33,verify_digest,0.05
0.0,0.0,0.0,0.05,0.0,186,32,True,True,0,0.0230405330657959,{},False,,verify_digest_0.05,34,verify_digest,0.05
0.0,0.0,0.0,0.05,0.0,186,32,True,True,0,0.026105642318725586,{},False,,verify_digest_0.05,35,verify_digest,0.05
0.0,0.0,0.0,0.05,0.0,186,32,True,True,0,0.025751590728759766,{},False,,verify_digest_0.05,36,verify_digest,0.05
0.0,0.0,0.0,0.05,0.0,186,32,True,True,0,0.02443861961364746,{},False,,verify_digest_0.05,37,verify_digest,0.05
0.0,0.0,0.0,0.05,0.0,186,32,True,True,0,0.025084972381591797,{},False,,verify_digest_0.05,38,verify_digest,0.05
0.0,0.0,0.0,0.05,0.0,186,32,True,True,0,0.024895191192626953,{},False,,verify_digest_0.05,39,verify_digest,0.05
0.0,0.0,0.0,0.05,0.0,186,32,True,True,0,0.02655315399169922,{},False,,verify_digest_0.05,40,verify_digest,0.05
0.0,0.0,0.0,0.05,0.0,186,32,True,True,0,0.024561166763305664,{},False,,verify_digest_0.05,41,verify_digest,0.05
0.0,0.0,0.0,0.05,0.0,186,32,True,True,0,0.022367000579833984,{},False,,verify_digest_0.05,42,verify_digest,0.05
0.0,0.0,0.0,0.05,0.0,186,32,True,True,0,0.023839235305786133,{},False,,verify_digest_0.05,43,verify_digest,0.05
0.0,0.0,0.0,0.05,0.0,186,32,True,True,0,0.026108980178833008,{},False,,verify_digest_0.05,44,verify_digest,0.05
0.0,0.0,0.0,0.05,0.0,186,32,True,True,0,0.02615499496459961,{},False,,verify_digest_0.05,45,verify_digest,0.05
0.0,0.0,0.0,0.05,0.0,186,32,True,True,0,0.026904582977294922,{},False,,verify_digest_0.05,46,verify_digest,0.05
0.0,0.0,0.0,0.05,0.0,186,32,True,True,0,0.0243990421295166,{},False,,verify_digest_0.05,47,verify_digest,0.05
0.0,0.0,0.0,0.05,0.0,186,32,True,True,0,0.02450847625732422,{},False,,verify_digest_0.05,48,verify_digest,0.05
0.0,0.0,0.0,0.05,0.0,186,32,True,True,0,0.02400064468383789,{},False,,verify_digest_0.05,49,verify_digest,0.05
0.0,0.0,0.0,0.03,0.0,186,32,True,True,0,0.025506258010864258,{},False,,verify_digest_0.03,0,verify_digest,0.03
0.0,0.0,0.0,0.03,0.0,186,32,False,True,0,0.023058176040649414,{'verification_digest': 1},False,,verify_digest_0.03,1,verify_digest,0.03
0.0,0.0,0.0,0.03,0.0,186,32,True,True,0,0.02364063262939453,{},False,,verify_digest_0.03,2,verify_digest,0.03
0.0,0.0,0.0,0.03,0.0,186,32,False,True,0,0.021903038024902344,{'verification_digest': 1},False,,verify_digest_0.03,3,verify_digest,0.03
0.0,0.0,0.0,0.03,0.0,186,32,True,True,0,0.02489447593688965,{},False,,verify_digest_0.03,4,verify_digest,0.03
0.0,0.0,0.0,0.03,0.0,186,32,True,True,0,0.024110794067382812,{},False,,verify_digest_0.03,5,verify_digest,0.03
0.0,0.0,0.0,0.03,0.0,186,32,True,True,0,0.025567293167114258,{},False,,verify_digest_0.03,6,verify_digest,0.03
0.0,0.0,0.0,0.03,0.0,186,32,True,True,0,0.024716854095458984,{},False,,verify_digest_0.03,7,verify_digest,0.03
0.0,0.0,0.0,0.03,0.0,186,32,True,True,0,0.02485799789428711,{},False,,verify_digest_0.03,8,verify_digest,0.03
0.0,0.0,0.0,0.03,0.0,186,32,True,True,0,0.024102449417114258,{},False,,verify_digest_0.03,9,verify_digest,0.03
0.0,0.0,0.0,0.03,0.0,186,32,True,True,0,0.03654170036315918,{},False,,verify_digest_0.03,10,verify_digest,0.03
0.0,0.0,0.0,0.03,0.0,186,32,True,True,0,0.024599790573120117,{},False,,verify_digest_0.03,11,verify_digest,0.03
0.0,0.0,0.0,0.03,0.0,186,32,True,True,0,0.02395772933959961,{},False,,verify_digest_0.03,12,verify_digest,0.03
0.0,0.0,0.0,0.03,0.0,186,32,True,True,0,0.02482438087463379,{},False,,verify_digest_0.03,13,verify_digest,0.03
0.0,0.0,0.0,0.03,0.0,186,32,True,True,0,0.025509119033813477,{},False,,verify_digest_0.03,14,verify_digest,0.03
0.0,0.0,0.0,0.03,0.0,186,32,True,True,0,0.02511906623840332,{},False,,verify_digest_0.03,15,verify_digest,0.03
0.0,0.0,0.0,0.03,0.0,186,32,True,True,0,0.024835586547851562,{},False,,verify_digest_0.03,16,verify_digest,0.03
0.0,0.0,0.0,0.03,0.0,186,32,True,True,0,0.025651931762695312,{},False,,verify_digest_0.03,17,verify_digest,0.03
0.0,0.0,0.0,0.03,0.0,186,32,True,True,0,0.02411484718322754,{},False,,verify_digest_0.03,18,verify_digest,0.03
0.0,0.0,0.0,0.03,0.0,186,32,True,True,0,0.028499841690063477,{},False,,verify_digest_0.03,19,verify_digest,0.03
0.0,0.0,0.0,0.03,0.0,186,32,False,True,0,0.03839564323425293,{'verification_digest': 1},False,,verify_digest_0.03,20,verify_digest,0.03
0.0,0.0,0.0,0.03,0.0,186,32,True,True,0,0.02296924591064453,{},False,,verify_digest_0.03,21,verify_digest,0.03
0.0,0.0,0.0,0.03,0.0,186,32,True,True,0,0.02415299415588379,{},False,,verify_digest_0.03,22,verify_digest,0.03
0.0,0.0,0.0,0.03,0.0,186,32,True,True,0,0.021758556365966797,{},False,,verify_digest_0.03,23,verify_digest,0.03
0.0,0.0,0.0,0.03,0.0,186,32,True,True,0,0.024940013885498047,{},False,,verify_digest_0.03,24,verify_digest,0.03
0.0,0.0,0.0,0.03,0.0,186,32,True,True,0,0.023292064666748047,{},False,,verify_digest_0.03,25,verify_digest,0.03
0.0,0.0,0.0,0.03,0.0,186,32,True,True,0,0.02243328094482422,{},False,,verify_digest_0.03,26,verify_digest,0.03
0.0,0.0,0.0,0.03,0.0,186,32,True,True,0,0.022288084030151367,{},False,,verify_digest_0.03,27,verify_digest,0.03
0.0,0.0,0.0,0.03,0.0,186,32,True,True,0,0.022178173065185547,{},False,,verify_digest_0.03,28,verify_digest,0.03
0.0,0.0,0.0,0.03,0.0,186,32,True,True,0,0.02308964729309082,{},False,,verify_digest_0.03,29,verify_digest,0.03
0.0,0.0,0.0,0.03,0.0,186,32,True,True,0,0.02257823944091797,{},False,,verify_digest_0.03,30,verify_digest,0.03
0.0,0.0,0.0,0.03,0.0,186,32,True,True,0,0.024425268173217773,{},False,,verify_digest_0.03,31,verify_digest,0.03
0.0,0.0,0.0,0.03,0.0,186,32,True,True,0,0.04261946678161621,{},False,,verify_digest_0.03,32,verify_digest,0.03
0.0,0.0,0.0,0.03,0.0,186,32,True,True,0,0.02833104133605957,{},False,,verify_digest_0.03,33,verify_digest,0.03
0.0,0.0,0.0,0.03,0.0,186,32,True,True,0,0.023381471633911133,{},False,,verify_digest_0.03,34,verify_digest,0.03
0.0,0.0,0.0,0.03,0.0,186,32,True,True,0,0.024407148361206055,{},False,,verify_digest_0.03,35,verify_digest,0.03
0.0,0.0,0.0,0.03,0.0,186,32,True,True,0,0.024689674377441406,{},False,,verify_digest_0.03,36,verify_digest,0.03
0.0,0.0,0.0,0.03,0.0,186,32,True,True,0,0.02318596839904785,{},False,,verify_digest_0.03,37,verify_digest,0.03
0.0,0.0,0.0,0.03,0.0,186,32,True,True,0,0.02679920196533203,{},False,,verify_digest_0.03,38,verify_digest,0.03
0.0,0.0,0.0,0.03,0.0,186,32,True,True,0,0.027114391326904297,{},False,,verify_digest_0.03,39,verify_digest,0.03
0.0,0.0,0.0,0.03,0.0,186,32,True,True,0,0.026453733444213867,{},False,,verify_digest_0.03,40,verify_digest,0.03
0.0,0.0,0.0,0.03,0.0,186,32,True,True,0,0.024689674377441406,{},False,,verify_digest_0.03,41,verify_digest,0.03
0.0,0.0,0.0,0.03,0.0,186,32,True,True,0,0.023413658142089844,{},False,,verify_digest_0.03,42,verify_digest,0.03
0.0,0.0,0.0,0.03,0.0,186,32,True,True,0,0.022497892379760742,{},False,,verify_digest_0.03,43,verify_digest,0.03
0.0,0.0,0.0,0.03,0.0,186,32,True,True,0,0.02477097511291504,{},False,,verify_digest_0.03,44,verify_digest,0.03
0.0,0.0,0.0,0.03,0.0,186,32,True,True,0,0.02184128761291504,{},False,,verify_digest_0.03,45,verify_digest,0.03
0.0,0.0,0.0,0.03,0.0,186,32,True,True,0,0.0238339900970459,{},False,,verify_digest_0.03,46,verify_digest,0.03
0.0,0.0,0.0,0.03,0.0,186,32,True,True,0,0.023588895797729492,{},False,,verify_digest_0.03,47,verify_digest,0.03
0.0,0.0,0.0,0.03,0.0,186,32,True,True,0,0.0222470760345459,{},False,,verify_digest_0.03,48,verify_digest,0.03
0.0,0.0,0.0,0.03,0.0,186,32,True,True,0,0.023420095443725586,{},False,,verify_digest_0.03,49,verify_digest,0.03
0.0,0.0,0.0,0.01,0.0,186,32,True,True,0,0.024804353713989258,{},False,,verify_digest_0.01,0,verify_digest,0.01
0.0,0.0,0.0,0.01,0.0,186,32,True,True,0,0.024568796157836914,{},False,,verify_digest_0.01,1,verify_digest,0.01
0.0,0.0,0.0,0.01,0.0,186,32,True,True,0,0.022047758102416992,{},False,,verify_digest_0.01,2,verify_digest,0.01
0.0,0.0,0.0,0.01,0.0,186,32,True,True,0,0.021976709365844727,{},False,,verify_digest_0.01,3,verify_digest,0.01
0.0,0.0,0.0,0.01,0.0,186,32,True,True,0,0.0229034423828125,{},False,,verify_digest_0.01,4,verify_digest,0.01
0.0,0.0,0.0,0.01,0.0,186,32,True,True,0,0.023211002349853516,{},False,,verify_digest_0.01,5,verify_digest,0.01
0.0,0.0,0.0,0.01,0.0,186,32,True,True,0,0.024132251739501953,{},False,,verify_digest_0.01,6,verify_digest,0.01
0.0,0.0,0.0,0.01,0.0,186,32,True,True,0,0.024306535720825195,{},False,,verify_digest_0.01,7,verify_digest,0.01
0.0,0.0,0.0,0.01,0.0,186,32,True,True,0,0.02379775047302246,{},False,,verify_digest_0.01,8,verify_digest,0.01
0.0,0.0,0.0,0.01,0.0,186,32,True,True,0,0.0241849422454834,{},False,,verify_digest_0.01,9,verify_digest,0.01
0.0,0.0,0.0,0.01,0.0,186,32,True,True,0,0.024893999099731445,{},False,,verify_digest_0.01,10,verify_digest,0.01
0.0,0.0,0.0,0.01,0.0,186,32,True,True,0,0.02504897117614746,{},False,,verify_digest_0.01,11,verify_digest,0.01
0.0,0.0,0.0,0.01,0.0,186,32,True,True,0,0.02236008644104004,{},False,,verify_digest_0.01,12,verify_digest,0.01
0.0,0.0,0.0,0.01,0.0,186,32,True,True,0,0.024183273315429688,{},False,,verify_digest_0.01,13,verify_digest,0.01
0.0,0.0,0.0,0.01,0.0,186,32,True,True,0,0.027179956436157227,{},False,,verify_digest_0.01,14,verify_digest,0.01
0.0,0.0,0.0,0.01,0.0,186,32,True,True,0,0.02384018898010254,{},False,,verify_digest_0.01,15,verify_digest,0.01
0.0,0.0,0.0,0.01,0.0,186,32,True,True,0,0.022291898727416992,{},False,,verify_digest_0.01,16,verify_digest,0.01
0.0,0.0,0.0,0.01,0.0,186,32,True,True,0,0.025450468063354492,{},False,,verify_digest_0.01,17,verify_digest,0.01
0.0,0.0,0.0,0.01,0.0,186,32,True,True,0,0.024111270904541016,{},False,,verify_digest_0.01,18,verify_digest,0.01
0.0,0.0,0.0,0.01,0.0,186,32,True,True,0,0.022191524505615234,{},False,,verify_digest_0.01,19,verify_digest,0.01
0.0,0.0,0.0,0.01,0.0,186,32,True,True,0,0.0230410099029541,{},False,,verify_digest_0.01,20,verify_digest,0.01
0.0,0.0,0.0,0.01,0.0,186,32,True,True,0,0.021773099899291992,{},False,,verify_digest_0.01,21,verify_digest,0.01
0.0,0.0,0.0,0.01,0.0,186,32,True,True,0,0.025104045867919922,{},False,,verify_digest_0.01,22,verify_digest,0.01
0.0,0.0,0.0,0.01,0.0,186,32,True,True,0,0.02292609214782715,{},False,,verify_digest_0.01,23,verify_digest,0.01
0.0,0.0,0.0,0.01,0.0,186,32,True,True,0,0.023794889450073242,{},False,,verify_digest_0.01,24,verify_digest,0.01
0.0,0.0,0.0,0.01,0.0,186,32,True,True,0,0.025742769241333008,{},False,,verify_digest_0.01,25,verify_digest,0.01
0.0,0.0,0.0,0.01,0.0,186,32,True,True,0,0.024114131927490234,{},False,,verify_digest_0.01,26,verify_digest,0.01
0.0,0.0,0.0,0.01,0.0,186,32,True,True,0,0.02239394187927246,{},False,,verify_digest_0.01,27,verify_digest,0.01
0.0,0.0,0.0,0.01,0.0,186,32,True,True,0,0.022603273391723633,{},False,,verify_digest_0.01,28,verify_digest,0.01
0.0,0.0,0.0,0.01,0.0,186,32,True,True,0,0.023068904876708984,{},False,,verify_digest_0.01,29,verify_digest,0.01
0.0,0.0,0.0,0.01,0.0,186,32,True,True,0,0.023042678833007812,{},False,,verify_digest_0.01,30,verify_digest,0.01
0.0,0.0,0.0,0.01,0.0,186,32,True,True,0,0.024080514907836914,{},False,,verify_digest_0.01,31,verify_digest,0.01
0.0,0.0,0.0,0.01,0.0,186,32,True,True,0,0.02443981170654297,{},False,,verify_digest_0.01,32,verify_digest,0.01
0.0,0.0,0.0,0.01,0.0,186,32,True,True,0,0.029735326766967773,{},False,,verify_digest_0.01,33,verify_digest,0.01
0.0,0.0,0.0,0.01,0.0,186,32,True,True,0,0.022714853286743164,{},False,,verify_digest_0.01,34,verify_digest,0.01
0.0,0.0,0.0,0.01,0.0,186,32,True,True,0,0.026523828506469727,{},False,,verify_digest_0.01,35,verify_digest,0.01
0.0,0.0,0.0,0.01,0.0,186,32,True,True,0,0.023479223251342773,{},False,,verify_digest_0.01,36,verify_digest,0.01
0.0,0.0,0.0,0.01,0.0,186,32,True,True,0,0.022790908813476562,{},False,,verify_digest_0.01,37,verify_digest,0.01
0.0,0.0,0.0,0.01,0.0,186,32,True,True,0,0.024466276168823242,{},False,,verify_digest_0.01,38,verify_digest,0.01
0.0,0.0,0.0,0.01,0.0,186,32,True,True,0,0.02277231216430664,{},False,,verify_digest_0.01,39,verify_digest,0.01
0.0,0.0,0.0,0.01,0.0,186,32,True,True,0,0.026443958282470703,{},False,,verify_digest_0.01,40,verify_digest,0.01
0.0,0.0,0.0,0.01,0.0,186,32,True,True,0,0.024933576583862305,{},False,,verify_digest_0.01,41,verify_digest,0.01
0.0,0.0,0.0,0.01,0.0,186,32,True,True,0,0.022736310958862305,{},False,,verify_digest_0.01,42,verify_digest,0.01
0.0,0.0,0.0,0.01,0.0,186,32,True,True,0,0.02753281593322754,{},False,,verify_digest_0.01,43,verify_digest,0.01
0.0,0.0,0.0,0.01,0.0,186,32,True,True,0,0.024519681930541992,{},False,,verify_digest_0.01,44,verify_digest,0.01
0.0,0.0,0.0,0.01,0.0,186,32,True,True,0,0.022985219955444336,{},False,,verify_digest_0.01,45,verify_digest,0.01
0.0,0.0,0.0,0.01,0.0,186,32,True,True,0,0.02367424964904785,{},False,,verify_digest_0.01,46,verify_digest,0.01
0.0,0.0,0.0,0.01,0.0,186,32,True,True,0,0.02793407440185547,{},False,,verify_digest_0.01,47,verify_digest,0.01
0.0,0.0,0.0,0.01,0.0,186,32,True,True,0,0.023678064346313477,{},False,,verify_digest_0.01,48,verify_digest,0.01
0.0,0.0,0.0,0.01,0.0,186,32,True,True,0,0.022757291793823242,{},False,,verify_digest_0.01,49,verify_digest,0.01
0.0,0.0,0.0,0.003,0.0,186,32,True,True,0,0.024881839752197266,{},False,,verify_digest_0.003,0,verify_digest,0.003
0.0,0.0,0.0,0.003,0.0,186,32,True,True,0,0.023737430572509766,{},False,,verify_digest_0.003,1,verify_digest,0.003
0.0,0.0,0.0,0.003,0.0,186,32,True,True,0,0.023249387741088867,{},False,,verify_digest_0.003,2,verify_digest,0.003
0.0,0.0,0.0,0.003,0.0,186,32,True,True,0,0.02377915382385254,{},False,,verify_digest_0.003,3,verify_digest,0.003
0.0,0.0,0.0,0.003,0.0,186,32,True,True,0,0.023064613342285156,{},False,,verify_digest_0.003,4,verify_digest,0.003
0.0,0.0,0.0,0.003,0.0,186,32,True,True,0,0.024496078491210938,{},False,,verify_digest_0.003,5,verify_digest,0.003
0.0,0.0,0.0,0.003,0.0,186,32,True,True,0,0.023310422897338867,{},False,,verify_digest_0.003,6,verify_digest,0.003
0.0,0.0,0.0,0.003,0.0,186,32,True,True,0,0.02414560317993164,{},False,,verify_digest_0.003,7,verify_digest,0.003
0.0,0.0,0.0,0.003,0.0,186,32,True,True,0,0.023319244384765625,{},False,,verify_digest_0.003,8,verify_digest,0.003
0.0,0.0,0.0,0.003,0.0,186,32,True,True,0,0.024328231811523438,{},False,,verify_digest_0.003,9,verify_digest,0.003
0.0,0.0,0.0,0.003,0.0,186,32,True,True,0,0.023759126663208008,{},False,,verify_digest_0.003,10,verify_digest,0.003
0.0,0.0,0.0,0.003,0.0,186,32,True,True,0,0.023021936416625977,{},False,,verify_digest_0.003,11,verify_digest,0.003
0.0,0.0,0.0,0.003,0.0,186,32,True,True,0,0.024318456649780273,{},False,,verify_digest_0.003,12,verify_digest,0.003
0.0,0.0,0.0,0.003,0.0,186,32,True,True,0,0.024428844451904297,{},False,,verify_digest_0.003,13,verify_digest,0.003
0.0,0.0,0.0,0.003,0.0,186,32,True,True,0,0.02688765525817871,{},False,,verify_digest_0.003,14,verify_digest,0.003
0.0,0.0,0.0,0.003,0.0,186,32,True,True,0,0.02688288688659668,{},False,,verify_digest_0.003,15,verify_digest,0.003
0.0,0.0,0.0,0.003,0.0,186,32,True,True,0,0.02828240394592285,{},False,,verify_digest_0.003,16,verify_digest,0.003
0.0,0.0,0.0,0.003,0.0,186,32,True,True,0,0.02346944808959961,{},False,,verify_digest_0.003,17,verify_digest,0.003
0.0,0.0,0.0,0.003,0.0,186,32,True,True,0,0.025887012481689453,{},False,,verify_digest_0.003,18,verify_digest,0.003
0.0,0.0,0.0,0.003,0.0,186,32,True,True,0,0.021588802337646484,{},False,,verify_digest_0.003,19,verify_digest,0.003
0.0,0.0,0.0,0.003,0.0,186,32,True,True,0,0.02469182014465332,{},False,,verify_digest_0.003,20,verify_digest,0.003
0.0,0.0,0.0,0.003,0.0,186,32,True,True,0,0.023340940475463867,{},False,,verify_digest_0.003,21,verify_digest,0.003
0.0,0.0,0.0,0.003,0.0,186,32,True,True,0,0.026671171188354492,{},False,,verify_digest_0.003,22,verify_digest,0.003
0.0,0.0,0.0,0.003,0.0,186,32,True,True,0,0.022515535354614258,{},False,,verify_digest_0.003,23,verify_digest,0.003
0.0,0.0,0.0,0.003,0.0,186,32,True,True,0,0.024201631546020508,{},False,,verify_digest_0.003,24,verify_digest,0.003
0.0,0.0,0.0,0.003,0.0,186,32,True,True,0,0.02291393280029297,{},False,,verify_digest_0.003,25,verify_digest,0.003
0.0,0.0,0.0,0.003,0.0,186,32,True,True,0,0.02620720863342285,{},False,,verify_digest_0.003,26,verify_digest,0.003
0.0,0.0,0.0,0.003,0.0,186,32,True,True,0,0.02254319190979004,{},False,,verify_digest_0.003,27,verify_digest,0.003
0.0,0.0,0.0,0.003,0.0,186,32,True,True,0,0.022667884826660156,{},False,,verify_digest_0.003,28,verify_digest,0.003
0.0,0.0,0.0,0.003,0.0,186,32,True,True,0,0.023659467697143555,{},False,,verify_digest_0.003,29,verify_digest,0.003
0.0,0.0,0.0,0.003,0.0,186,32,True,True,0,0.0237274169921875,{},False,,verify_digest_0.003,30,verify_digest,0.003
0.0,0.0,0.0,0.003,0.0,186,32,True,True,0,0.023572444915771484,{},False,,verify_digest_0.003,31,verify_digest,0.003
0.0,0.0,0.0,0.003,0.0,186,32,True,True,0,0.02459716796875,{},False,,verify_digest_0.003,32,verify_digest,0.003
0.0,0.0,0.0,0.003,0.0,186,32,True,True,0,0.028104066848754883,{},False,,verify_digest_0.003,33,verify_digest,0.003
0.0,0.0,0.0,0.003,0.0,186,32,True,True,0,0.02421092987060547,{},False,,verify_digest_0.003,34,verify_digest,0.003
0.0,0.0,0.0,0.003,0.0,186,32,True,True,0,0.024680137634277344,{},False,,verify_digest_0.003,35,verify_digest,0.003
0.0,0.0,0.0,0.003,0.0,186,32,True,True,0,0.022460222244262695,{},False,,verify_digest_0.003,36,verify_digest,0.003
0.0,0.0,0.0,0.003,0.0,186,32,True,True,0,0.0234830379486084,{},False,,verify_digest_0.003,37,verify_digest,0.003
0.0,0.0,0.0,0.003,0.0,186,32,True,True,0,0.025992393493652344,{},False,,verify_digest_0.003,38,verify_digest,0.003
0.0,0.0,0.0,0.003,0.0,186,32,True,True,0,0.02351999282836914,{},False,,verify_digest_0.003,39,verify_digest,0.003
0.0,0.0,0.0,0.003,0.0,186,32,True,True,0,0.026540517807006836,{},False,,verify_digest_0.003,40,verify_digest,0.003
0.0,0.0,0.0,0.003,0.0,186,32,True,True,0,0.026143550872802734,{},False,,verify_digest_0.003,41,verify_digest,0.003
0.0,0.0,0.0,0.003,0.0,186,32,True,True,0,0.023287057876586914,{},False,,verify_digest_0.003,42,verify_digest,0.003
0.0,0.0,0.0,0.003,0.0,186,32,True,True,0,0.023202896118164062,{},False,,verify_digest_0.003,43,verify_digest,0.003
0.0,0.0,0.0,0.003,0.0,186,32,True,True,0,0.02426910400390625,{},False,,verify_digest_0.003,44,verify_digest,0.003
0.0,0.0,0.0,0.003,0.0,186,32,True,True,0,0.022025585174560547,{},False,,verify_digest_0.003,45,verify_digest,0.003
0.0,0.0,0.0,0.003,0.0,186,32,True,True,0,0.023608922958374023,{},False,,verify_digest_0.003,46,verify_digest,0.003
0.0,0.0,0.0,0.003,0.0,186,32,True,True,0,0.026630640029907227,{},False,,verify_digest_0.003,47,verify_digest,0.003
0.0,0.0,0.0,0.003,0.0,186,32,True,True,0,0.023126840591430664,{},False,,verify_digest_0.003,48,verify_digest,0.003
0.0,0.0,0.0,0.003,0.0,186,32,True,True,0,0.02311539649963379,{},False,,verify_digest_0.003,49,verify_digest,0.003
0.0,0.0,0.0,0.001,0.0,186,32,True,True,0,0.024010896682739258,{},False,,verify_digest_0.001,0,verify_digest,0.001
0.0,0.0,0.0,0.001,0.0,186,32,True,True,0,0.025928735733032227,{},False,,verify_digest_0.001,1,verify_digest,0.001
0.0,0.0,0.0,0.001,0.0,186,32,True,True,0,0.022707223892211914,{},False,,verify_digest_0.001,2,verify_digest,0.001
0.0,0.0,0.0,0.001,0.0,186,32,True,True,0,0.021848678588867188,{},False,,verify_digest_0.001,3,verify_digest,0.001
0.0,0.0,0.0,0.001,0.0,186,32,True,True,0,0.023523330688476562,{},False,,verify_digest_0.001,4,verify_digest,0.001
0.0,0.0,0.0,0.001,0.0,186,32,True,True,0,0.02349567413330078,{},False,,verify_digest_0.001,5,verify_digest,0.001
0.0,0.0,0.0,0.001,0.0,186,32,True,True,0,0.02841782569885254,{},False,,verify_digest_0.001,6,verify_digest,0.001
0.0,0.0,0.0,0.001,0.0,186,32,True,True,0,0.02983236312866211,{},False,,verify_digest_0.001,7,verify_digest,0.001
0.0,0.0,0.0,0.001,0.0,186,32,True,True,0,0.026729583740234375,{},False,,verify_digest_0.001,8,verify_digest,0.001
0.0,0.0,0.0,0.001,0.0,186,32,True,True,0,0.02898240089416504,{},False,,verify_digest_0.001,9,verify_digest,0.001
0.0,0.0,0.0,0.001,0.0,186,32,True,True,0,0.02674412727355957,{},False,,verify_digest_0.001,10,verify_digest,0.001
0.0,0.0,0.0,0.001,0.0,186,32,True,True,0,0.023806333541870117,{},False,,verify_digest_0.001,11,verify_digest,0.001
0.0,0.0,0.0,0.001,0.0,186,32,True,True,0,0.022578001022338867,{},False,,verify_digest_0.001,12,verify_digest,0.001
0.0,0.0,0.0,0.001,0.0,186,32,True,True,0,0.025866270065307617,{},False,,verify_digest_0.001,13,verify_digest,0.001
0.0,0.0,0.0,0.001,0.0,186,32,True,True,0,0.02841782569885254,{},False,,verify_digest_0.001,14,verify_digest,0.001
0.0,0.0,0.0,0.001,0.0,186,32,True,True,0,0.026642799377441406,{},False,,verify_digest_0.001,15,verify_digest,0.001
0.0,0.0,0.0,0.001,0.0,186,32,True,True,0,0.023627042770385742,{},False,,verify_digest_0.001,16,verify_digest,0.001
0.0,0.0,0.0,0.001,0.0,186,32,True,True,0,0.024786710739135742,{},False,,verify_digest_0.001,17,verify_digest,0.001
0.0,0.0,0.0,0.001,0.0,186,32,True,True,0,0.02288818359375,{},False,,verify_digest_0.001,18,verify_digest,0.001
0.0,0.0,0.0,0.001,0.0,186,32,True,True,0,0.027669668197631836,{},False,,verify_digest_0.001,19,verify_digest,0.001
0.0,0.0,0.0,0.001,0.0,186,32,True,True,0,0.0231781005859375,{},False,,verify_digest_0.001,20,verify_digest,0.001
0.0,0.0,0.0,0.001,0.0,186,32,True,True,0,0.023785114288330078,{},False,,verify_digest_0.001,21,verify_digest,0.001
0.0,0.0,0.0,0.001,0.0,186,32,True,True,0,0.025682926177978516,{},False,,verify_digest_0.001,22,verify_digest,0.001
0.0,0.0,0.0,0.001,0.0,186,32,True,True,0,0.02431941032409668,{},False,,verify_digest_0.001,23,verify_digest,0.001
0.0,0.0,0.0,0.001,0.0,186,32,True,True,0,0.025237083435058594,{},False,,verify_digest_0.001,24,verify_digest,0.001
0.0,0.0,0.0,0.001,0.0,186,32,True,True,0,0.024373292922973633,{},False,,verify_digest_0.001,25,verify_digest,0.001
0.0,0.0,0.0,0.001,0.0,186,32,True,True,0,0.022858381271362305,{},False,,verify_digest_0.001,26,verify_digest,0.001
0.0,0.0,0.0,0.001,0.0,186,32,True,True,0,0.025313138961791992,{},False,,verify_digest_0.001,27,verify_digest,0.001
0.0,0.0,0.0,0.001,0.0,186,32,True,True,0,0.023807287216186523,{},False,,verify_digest_0.001,28,verify_digest,0.001
0.0,0.0,0.0,0.001,0.0,186,32,True,True,0,0.024265527725219727,{},False,,verify_digest_0.001,29,verify_digest,0.001
0.0,0.0,0.0,0.001,0.0,186,32,True,True,0,0.02418804168701172,{},False,,verify_digest_0.001,30,verify_digest,0.001
0.0,0.0,0.0,0.001,0.0,186,32,True,True,0,0.02526998519897461,{},False,,verify_digest_0.001,31,verify_digest,0.001
0.0,0.0,0.0,0.001,0.0,186,32,True,True,0,0.026307106018066406,{},False,,verify_digest_0.001,32,verify_digest,0.001
0.0,0.0,0.0,0.001,0.0,186,32,True,True,0,0.0277559757232666,{},False,,verify_digest_0.001,33,verify_digest,0.001
0.0,0.0,0.0,0.001,0.0,186,32,True,True,0,0.023000717163085938,{},False,,verify_digest_0.001,34,verify_digest,0.001
0.0,0.0,0.0,0.001,0.0,186,32,True,True,0,0.02395796775817871,{},False,,verify_digest_0.001,35,verify_digest,0.001
0.0,0.0,0.0,0.001,0.0,186,32,True,True,0,0.02264690399169922,{},False,,verify_digest_0.001,36,verify_digest,0.001
0.0,0.0,0.0,0.001,0.0,186,32,True,True,0,0.024423599243164062,{},False,,verify_digest_0.001,37,verify_digest,0.001
0.0,0.0,0.0,0.001,0.0,186,32,True,True,0,0.02510237693786621,{},False,,verify_digest_0.001,38,verify_digest,0.001
0.0,0.0,0.0,0.001,0.0,186,32,True,True,0,0.02239704132080078,{},False,,verify_digest_0.001,39,verify_digest,0.001
0.0,0.0,0.0,0.001,0.0,186,32,True,True,0,0.025815248489379883,{},False,,verify_digest_0.001,40,verify_digest,0.001
0.0,0.0,0.0,0.001,0.0,186,32,True,True,0,0.026452064514160156,{},False,,verify_digest_0.001,41,verify_digest,0.001
0.0,0.0,0.0,0.001,0.0,186,32,True,True,0,0.024222135543823242,{},False,,verify_digest_0.001,42,verify_digest,0.001
0.0,0.0,0.0,0.001,0.0,186,32,True,True,0,0.02235865592956543,{},False,,verify_digest_0.001,43,verify_digest,0.001
0.0,0.0,0.0,0.001,0.0,186,32,True,True,0,0.0235750675201416,{},False,,verify_digest_0.001,44,verify_digest,0.001
0.0,0.0,0.0,0.001,0.0,186,32,True,True,0,0.022404909133911133,{},False,,verify_digest_0.001,45,verify_digest,0.001
0.0,0.0,0.0,0.001,0.0,186,32,True,True,0,0.029086828231811523,{},False,,verify_digest_0.001,46,verify_digest,0.001
0.0,0.0,0.0,0.001,0.0,186,32,True,True,0,0.028310775756835938,{},False,,verify_digest_0.001,47,verify_digest,0.001
0.0,0.0,0.0,0.001,0.0,186,32,True,True,0,0.024183273315429688,{},False,,verify_digest_0.001,48,verify_digest,0.001
0.0,0.0,0.0,0.001,0.0,186,32,True,True,0,0.023661136627197266,{},False,,verify_digest_0.001,49,verify_digest,0.001
