toeplitz_prob,hash_prob,reconciliation_prob,seed,output_path,total_corrections,secure_key_length,remaining_errors_after_reconciliation,non_convergent,error,elapsed_seconds,faults_fired,run,bob_output_path,fault_type,prob
0.0,0.0,0.3,42,results/bob_recon_run_tp0.0_hp0.0_rp0.3_seed42_20260822_033307_407759.json,44,1900,15,False,,52.99105358123779,{'reconciliation_state': 15},0,results/bob_recon_run_tp0.0_hp0.0_rp0.3_seed42_20260822_033307_407759.json,reconciliation,0.3
0.0,0.0,0.3,43,results/bob_recon_run_tp0.0_hp0.0_rp0.3_seed43_20260822_033401_551636.json,44,1900,11,False,,54.84758114814758,{'reconciliation_state': 11},1,results/bob_recon_run_tp0.0_hp0.0_rp0.3_seed43_20260822_033401_551636.json,reconciliation,0.3
0.0,0.0,0.3,44,results/bob_recon_run_tp0.0_hp0.0_rp0.3_seed44_20260822_033457_533583.json,42,1900,16,False,,54.66531014442444,{'reconciliation_state': 14},2,results/bob_recon_run_tp0.0_hp0.0_rp0.3_seed44_20260822_033457_533583.json,reconciliation,0.3
0.0,0.0,0.3,45,results/bob_recon_run_tp0.0_hp0.0_rp0.3_seed45_20260822_033553_353921.json,44,1900,8,False,,53.56439971923828,{'reconciliation_state': 8},3,results/bob_recon_run_tp0.0_hp0.0_rp0.3_seed45_20260822_033553_353921.json,reconciliation,0.3
0.0,0.0,0.3,46,results/bob_recon_run_tp0.0_hp0.0_rp0.3_seed46_20260822_033648_050110.json,42,1900,13,False,,52.479506492614746,{'reconciliation_state': 11},4,results/bob_recon_run_tp0.0_hp0.0_rp0.3_seed46_20260822_033648_050110.json,reconciliation,0.3
0.0,0.0,0.3,47,results/bob_recon_run_tp0.0_hp0.0_rp0.3_seed47_20260822_033741_719842.json,40,1900,15,False,,51.90525984764099,{'reconciliation_state': 11},5,results/bob_recon_run_tp0.0_hp0.0_rp0.3_seed47_20260822_033741_719842.json,reconciliation,0.3
0.0,0.0,0.3,48,results/bob_recon_run_tp0.0_hp0.0_rp0.3_seed48_20260822_033834_768951.json,44,1900,14,False,,54.34220623970032,{'reconciliation_state': 14},6,results/bob_recon_run_tp0.0_hp0.0_rp0.3_seed48_20260822_033834_768951.json,reconciliation,0.3
0.0,0.0,0.3,49,results/bob_recon_run_tp0.0_hp0.0_rp0.3_seed49_20260822_033930_245755.json,40,1900,17,False,,53.0429892539978,{'reconciliation_state': 13},7,results/bob_recon_run_tp0.0_hp0.0_rp0.3_seed49_20260822_033930_245755.json,reconciliation,0.3
0.0,0.0,0.3,50,results/bob_recon_run_tp0.0_hp0.0_rp0.3_seed50_20260822_034024_420653.json,42,1900,15,False,,52.71994662284851,{'reconciliation_state': 13},8,results/bob_recon_run_tp0.0_hp0.0_rp0.3_seed50_20260822_034024_420653.json,reconciliation,0.3
0.0,0.0,0.3,51,results/bob_recon_run_tp0.0_hp0.0_rp0.3_seed51_20260822_034118_271626.json,44,1900,10,False,,53.779080390930176,{'reconciliation_state': 10},9,results/bob_recon_run_tp0.0_hp0.0_rp0.3_seed51_20260822_034118_271626.json,reconciliation,0.3
0.0,0.0,0.3,52,results/bob_recon_run_tp0.0_hp0.0_rp0.3_seed52_20260822_034213_183663.json,44,1900,18,False,,52.737648248672485,{'reconciliation_state': 18},10,results/bob_recon_run_tp0.0_hp0.0_rp0.3_seed52_20260822_034213_183663.json,reconciliation,0.3
0.0,0.0,0.3,53,results/bob_recon_run_tp0.0_hp0.0_rp0.3_seed53_20260822_034307_056035.json,44,1900,11,False,,53.74830436706543,{'reconciliation_state': 11},11,results/bob_recon_run_tp0.0_hp0.0_rp0.3_seed53_20260822_034307_056035.json,reconciliation,0.3
0.0,0.0,0.3,54,results/bob_recon_run_tp0.0_hp0.0_rp0.3_seed54_20260822_034401_939603.json,44,1900,10,False,,56.53938364982605,{'reconciliation_state': 10},12,results/bob_recon_run_tp0.0_hp0.0_rp0.3_seed54_20260822_034401_939603.json,reconciliation,0.3
0.0,0.0,0.3,55,results/bob_recon_run_tp0.0_hp0.0_rp0.3_seed55_20260822_034459_610425.json,44,1900,11,False,,54.18312311172485,{'reconciliation_state': 11},13,results/bob_recon_run_tp0.0_hp0.0_rp0.3_seed55_20260822_034459_610425.json,reconciliation,0.3
0.0,0.0,0.3,56,results/bob_recon_run_tp0.0_hp0.0_rp0.3_seed56_20260822_034554_931785.json,44,1900,16,False,,55.858296155929565,{'reconciliation_state': 16},14,results/bob_recon_run_tp0.0_hp0.0_rp0.3_seed56_20260822_034554_931785.json,reconciliation,0.3
0.0,0.0,0.3,57,results/bob_recon_run_tp0.0_hp0.0_rp0.3_seed57_20260822_034651_928340.json,43,1900,19,False,,53.049521923065186,{'reconciliation_state': 18},15,results/bob_recon_run_tp0.0_hp0.0_rp0.3_seed57_20260822_034651_928340.json,reconciliation,0.3
0.0,0.0,0.3,58,results/bob_recon_run_tp0.0_hp0.0_rp0.3_seed58_20260822_034746_118818.json,43,1900,15,False,,55.766777753829956,{'reconciliation_state': 14},16,results/bob_recon_run_tp0.0_hp0.0_rp0.3_seed58_20260822_034746_118818.json,reconciliation,0.3
0.0,0.0,0.3,59,results/bob_recon_run_tp0.0_hp0.0_rp0.3_seed59_20260822_034843_012884.json,44,1900,14,False,,56.88935923576355,{'reconciliation_state': 14},17,results/bob_recon_run_tp0.0_hp0.0_rp0.3_seed59_20260822_034843_012884.json,reconciliation,0.3
0.0,0.0,0.3,60,results/bob_recon_run_tp0.0_hp0.0_rp0.3_seed60_20260822_034941_047524.json,44,1900,12,False,,54.80854892730713,{'reconciliation_state': 12},18,results/bob_recon_run_tp0.0_hp0.0_rp0.3_seed60_20260822_034941_047524.json,reconciliation,0.3
0.0,0.0,0.3,61,results/bob_recon_run_tp0.0_hp0.0_rp0.3_seed61_20260822_035037_001412.json,44,1900,10,False,,54.20659136772156,{'reconciliation_state': 10},19,results/bob_recon_run_tp0.0_hp0.0_rp0.3_seed61_20260822_035037_001412.json,reconciliation,0.3
0.0,0.0,0.1,42,results/bob_recon_run_tp0.0_hp0.0_rp0.1_seed42_20260822_035132_350219.json,44,1900,2,False,,52.010093212127686,{'reconciliation_state': 2},0,results/bob_recon_run_tp0.0_hp0.0_rp0.1_seed42_20260822_035132_350219.json,reconciliation,0.1
0.0,0.0,0.1,43,results/bob_recon_run_tp0.0_hp0.0_rp0.1_seed43_20260822_035225_485501.json,44,1900,4,False,,52.437483072280884,{'reconciliation_state': 4},1,results/bob_recon_run_tp0.0_hp0.0_rp0.1_seed43_20260822_035225_485501.json,reconciliation,0.1
0.0,0.0,0.1,44,results/bob_recon_run_tp0.0_hp0.0_rp0.1_seed44_20260822_035319_064316.json,44,1900,7,False,,52.544543504714966,{'reconciliation_state': 7},2,results/bob_recon_run_tp0.0_hp0.0_rp0.1_seed44_20260822_035319_064316.json,reconciliation,0.1
0.0,0.0,0.1,45,results/bob_recon_run_tp0.0_hp0.0_rp0.1_seed45_20260822_035412_748171.json,44,1900,2,False,,56.785871267318726,{'reconciliation_state': 2},3,results/bob_recon_run_tp0.0_hp0.0_rp0.1_seed45_20260822_035412_748171.json,reconciliation,0.1
0.0,0.0,0.1,46,results/bob_recon_run_tp0.0_hp0.0_rp0.1_seed46_20260822_035510_853629.json,44,1900,4,False,,56.19558668136597,{'reconciliation_state': 4},4,results/bob_recon_run_tp0.0_hp0.0_rp0.1_seed46_20260822_035510_853629.json,reconciliation,0.1
0.0,0.0,0.1,47,results/bob_recon_run_tp0.0_hp0.0_rp0.1_seed47_20260822_035608_195537.json,44,1900,6,False,,54.363709926605225,{'reconciliation_state': 6},5,results/bob_recon_run_tp0.0_hp0.0_rp0.1_seed47_20260822_035608_195537.json,reconciliation,0.1
0.0,0.0,0.1,48,results/bob_recon_run_tp0.0_hp0.0_rp0.1_seed48_20260822_035703_693884.json,44,1900,5,False,,54.48493504524231,{'reconciliation_state': 5},6,results/bob_recon_run_tp0.0_hp0.0_rp0.1_seed48_20260822_035703_693884.json,reconciliation,0.1
0.0,0.0,0.1,49,results/bob_recon_run_tp0.0_hp0.0_rp0.1_seed49_20260822_035759_314403.json,44,1900,4,False,,52.88102102279663,{'reconciliation_state': 4},7,results/bob_recon_run_tp0.0_hp0.0_rp0.1_seed49_20260822_035759_314403.json,reconciliation,0.1
0.0,0.0,0.1,50,results/bob_recon_run_tp0.0_hp0.0_rp0.1_seed50_20260822_035853_337318.json,44,1900,5,False,,54.98460006713867,{'reconciliation_state': 5},8,results/bob_recon_run_tp0.0_hp0.0_rp0.1_seed50_20260822_035853_337318.json,reconciliation,0.1
0.0,0.0,0.1,51,results/bob_recon_run_tp0.0_hp0.0_rp0.1_seed51_20260822_035949_481502.json,44,1900,6,False,,51.95207619667053,{'reconciliation_state': 6},9,results/bob_recon_run_tp0.0_hp0.0_rp0.1_seed51_20260822_035949_481502.json,reconciliation,0.1
0.0,0.0,0.1,52,results/bob_recon_run_tp0.0_hp0.0_rp0.1_seed52_20260822_040042_567405.json,44,1900,7,False,,53.40216588973999,{'reconciliation_state': 7},10,results/bob_recon_run_tp0.0_hp0.0_rp0.1_seed52_20260822_040042_567405.json,reconciliation,0.1
0.0,0.0,0.1,53,results/bob_recon_run_tp0.0_hp0.0_rp0.1_seed53_20260822_040137_102167.json,43,1900,7,False,,53.560237407684326,{'reconciliation_state': 6},11,results/bob_recon_run_tp0.0_hp0.0_rp0.1_seed53_20260822_040137_102167.json,reconciliation,0.1
0.0,0.0,0.1,54,results/bob_recon_run_tp0.0_hp0.0_rp0.1_seed54_20260822_040231_839053.json,44,1900,4,False,,53.69122076034546,{'reconciliation_state': 4},12,results/bob_recon_run_tp0.0_hp0.0_rp0.1_seed54_20260822_040231_839053.json,reconciliation,0.1
0.0,0.0,0.1,55,results/bob_recon_run_tp0.0_hp0.0_rp0.1_seed55_20260822_040326_664890.json,44,1900,3,False,,53.02665424346924,{'reconciliation_state': 3},13,results/bob_recon_run_tp0.0_hp0.0_rp0.1_seed55_20260822_040326_664890.json,reconciliation,0.1
0.0,0.0,0.1,56,results/bob_recon_run_tp0.0_hp0.0_rp0.1_seed56_20260822_040420_863016.json,44,1900,4,False,,51.96395802497864,{'reconciliation_state': 4},14,results/bob_recon_run_tp0.0_hp0.0_rp0.1_seed56_20260822_040420_863016.json,reconciliation,0.1
0.0,0.0,0.1,57,results/bob_recon_run_tp0.0_hp0.0_rp0.1_seed57_20260822_040514_013977.json,44,1900,4,False,,52.9452486038208,{'reconciliation_state': 4},15,results/bob_recon_run_tp0.0_hp0.0_rp0.1_seed57_20260822_040514_013977.json,reconciliation,0.1
0.0,0.0,0.1,58,results/bob_recon_run_tp0.0_hp0.0_rp0.1_seed58_20260822_040608_149450.json,44,1900,8,False,,52.8670392036438,{'reconciliation_state': 8},16,results/bob_recon_run_tp0.0_hp0.0_rp0.1_seed58_20260822_040608_149450.json,reconciliation,0.1
0.0,0.0,0.1,59,results/bob_recon_run_tp0.0_hp0.0_rp0.1_seed59_20260822_040702_200842.json,44,1900,5,False,,54.69375824928284,{'reconciliation_state': 5},17,results/bob_recon_run_tp0.0_hp0.0_rp0.1_seed59_20260822_040702_200842.json,reconciliation,0.1
0.0,0.0,0.1,60,results/bob_recon_run_tp0.0_hp0.0_rp0.1_seed60_20260822_040758_047261.json,44,1900,3,False,,52.251485109329224,{'reconciliation_state': 3},18,results/bob_recon_run_tp0.0_hp0.0_rp0.1_seed60_20260822_040758_047261.json,reconciliation,0.1
0.0,0.0,0.1,61,results/bob_recon_run_tp0.0_hp0.0_rp0.1_seed61_20260822_040851_439743.json,44,1900,2,False,,54.020559310913086,{'reconciliation_state': 2},19,results/bob_recon_run_tp0.0_hp0.0_rp0.1_seed61_20260822_040851_439743.json,reconciliation,0.1
0.0,0.0,0.03,42,results/bob_recon_run_tp0.0_hp0.0_rp0.03_seed42_20260822_040946_599253.json,44,1900,1,False,,54.49487853050232,{'reconciliation_state': 1},0,results/bob_recon_run_tp0.0_hp0.0_rp0.03_seed42_20260822_040946_599253.json,reconciliation,0.03
0.0,0.0,0.03,43,results/bob_recon_run_tp0.0_hp0.0_rp0.03_seed43_20260822_041042_228120.json,44,1900,0,False,,53.85955238342285,{},1,results/bob_recon_run_tp0.0_hp0.0_rp0.03_seed43_20260822_041042_228120.json,reconciliation,0.03
0.0,0.0,0.03,44,results/bob_recon_run_tp0.0_hp0.0_rp0.03_seed44_20260822_041137_336411.json,44,1900,1,False,,53.44785189628601,{'reconciliation_state': 1},2,results/bob_recon_run_tp0.0_hp0.0_rp0.03_seed44_20260822_041137_336411.json,reconciliation,0.03
0.0,0.0,0.03,45,results/bob_recon_run_tp0.0_hp0.0_rp0.03_seed45_20260822_041231_988726.json,44,1900,1,False,,53.635234355926514,{'reconciliation_state': 1},3,results/bob_recon_run_tp0.0_hp0.0_rp0.03_seed45_20260822_041231_988726.json,reconciliation,0.03
0.0,0.0,0.03,46,results/bob_recon_run_tp0.0_hp0.0_rp0.03_seed46_20260822_041326_751276.json,44,1900,1,False,,53.68102717399597,{'reconciliation_state': 1},4,results/bob_recon_run_tp0.0_hp0.0_rp0.03_seed46_20260822_041326_751276.json,reconciliation,0.03
0.0,0.0,0.03,47,results/bob_recon_run_tp0.0_hp0.0_rp0.03_seed47_20260822_041421_566020.json,44,1900,2,False,,53.05677843093872,{'reconciliation_state': 2},5,results/bob_recon_run_tp0.0_hp0.0_rp0.03_seed47_20260822_041421_566020.json,reconciliation,0.03
0.0,0.0,0.03,48,results/bob_recon_run_tp0.0_hp0.0_rp0.03_seed48_20260822_041515_752996.json,44,1900,2,False,,51.02117991447449,{'reconciliation_state': 2},6,results/bob_recon_run_tp0.0_hp0.0_rp0.03_seed48_20260822_041515_752996.json,reconciliation,0.03
0.0,0.0,0.03,49,results/bob_recon_run_tp0.0_hp0.0_rp0.03_seed49_20260822_041607_909191.json,44,1900,0,False,,55.7252995967865,{},7,results/bob_recon_run_tp0.0_hp0.0_rp0.03_seed49_20260822_041607_909191.json,reconciliation,0.03
0.0,0.0,0.03,50,results/bob_recon_run_tp0.0_hp0.0_rp0.03_seed50_20260822_041704_774695.json,44,1900,2,False,,54.52682185173035,{'reconciliation_state': 2},8,results/bob_recon_run_tp0.0_hp0.0_rp0.03_seed50_20260822_041704_774695.json,reconciliation,0.03
0.0,0.0,0.03,51,results/bob_recon_run_tp0.0_hp0.0_rp0.03_seed51_20260822_041800_431024.json,44,1900,2,False,,55.16080451011658,{'reconciliation_state': 2},9,results/bob_recon_run_tp0.0_hp0.0_rp0.03_seed51_20260822_041800_431024.json,reconciliation,0.03
0.0,0.0,0.03,52,results/bob_recon_run_tp0.0_hp0.0_rp0.03_seed52_20260822_041856_720997.json,44,1900,1,False,,51.850985288619995,{'reconciliation_state': 1},10,results/bob_recon_run_tp0.0_hp0.0_rp0.03_seed52_20260822_041856_720997.json,reconciliation,0.03
0.0,0.0,0.03,53,results/bob_recon_run_tp0.0_hp0.0_rp0.03_seed53_20260822_041949_707777.json,44,1900,1,False,,52.994632959365845,{'reconciliation_state': 1},11,results/bob_recon_run_tp0.0_hp0.0_rp0.03_seed53_20260822_041949_707777.json,reconciliation,0.03
0.0,0.0,0.03,54,results/bob_recon_run_tp0.0_hp0.0_rp0.03_seed54_20260822_042043_841828.json,44,1900,1,False,,53.592687368392944,{'reconciliation_state': 1},12,results/bob_recon_run_tp0.0_hp0.0_rp0.03_seed54_20260822_042043_841828.json,reconciliation,0.03
0.0,0.0,0.03,55,results/bob_recon_run_tp0.0_hp0.0_rp0.03_seed55_20260822_042138_589608.json,44,1900,1,False,,50.797263383865356,{'reconciliation_state': 1},13,results/bob_recon_run_tp0.0_hp0.0_rp0.03_seed55_20260822_042138_589608.json,reconciliation,0.03
0.0,0.0,0.03,56,results/bob_recon_run_tp0.0_hp0.0_rp0.03_seed56_20260822_042230_517567.json,44,1900,1,False,,53.09520173072815,{'reconciliation_state': 1},14,results/bob_recon_run_tp0.0_hp0.0_rp0.03_seed56_20260822_042230_517567.json,reconciliation,0.03
0.0,0.0,0.03,57,results/bob_recon_run_tp0.0_hp0.0_rp0.03_seed57_20260822_042324_747252.json,44,1900,3,False,,52.68791437149048,{'reconciliation_state': 3},15,results/bob_recon_run_tp0.0_hp0.0_rp0.03_seed57_20260822_042324_747252.json,reconciliation,0.03
0.0,0.0,0.03,58,results/bob_recon_run_tp0.0_hp0.0_rp0.03_seed58_20260822_042418_566677.json,44,1900,3,False,,53.213266134262085,{'reconciliation_state': 3},16,results/bob_recon_run_tp0.0_hp0.0_rp0.03_seed58_20260822_042418_566677.json,reconciliation,0.03
0.0,0.0,0.03,59,results/bob_recon_run_tp0.0_hp0.0_rp0.03_seed59_20260822_042512_976342.json,44,1900,3,False,,55.66814160346985,{'reconciliation_state': 3},17,results/bob_recon_run_tp0.0_hp0.0_rp0.03_seed59_20260822_042512_976342.json,reconciliation,0.03
0.0,0.0,0.03,60,results/bob_recon_run_tp0.0_hp0.0_rp0.03_seed60_20260822_042609_856743.json,44,1900,2,False,,52.73451519012451,{'reconciliation_state': 2},18,results/bob_recon_run_tp0.0_hp0.0_rp0.03_seed60_20260822_042609_856743.json,reconciliation,0.03
0.0,0.0,0.03,61,results/bob_recon_run_tp0.0_hp0.0_rp0.03_seed61_20260822_042703_789168.json,44,1900,1,False,,52.30822420120239,{'reconciliation_state': 1},19,results/bob_recon_run_tp0.0_hp0.0_rp0.03_seed61_20260822_042703_789168.json,reconciliation,0.03
0.0,0.0,0.01,42,results/bob_recon_run_tp0.0_hp0.0_rp0.01_seed42_20260822_042757_382619.json,44,1900,0,False,,53.33188462257385,{},0,results/bob_recon_run_tp0.0_hp0.0_rp0.01_seed42_20260822_042757_382619.json,reconciliation,0.01
0.0,0.0,0.01,43,results/bob_recon_run_tp0.0_hp0.0_rp0.01_seed43_20260822_042851_846502.json,44,1900,0,False,,52.17203950881958,{},1,results/bob_recon_run_tp0.0_hp0.0_rp0.01_seed43_20260822_042851_846502.json,reconciliation,0.01
0.0,0.0,0.01,44,results/bob_recon_run_tp0.0_hp0.0_rp0.01_seed44_20260822_042945_148047.json,44,1900,1,False,,53.032761335372925,{'reconciliation_state': 1},2,results/bob_recon_run_tp0.0_hp0.0_rp0.01_seed44_20260822_042945_148047.json,reconciliation,0.01
0.0,0.0,0.01,45,results/bob_recon_run_tp0.0_hp0.0_rp0.01_seed45_20260822_043039_318390.json,44,1900,0,False,,53.81854462623596,{},3,results/bob_recon_run_tp0.0_hp0.0_rp0.01_seed45_20260822_043039_318390.json,reconciliation,0.01
0.0,0.0,0.01,46,results/bob_recon_run_tp0.0_hp0.0_rp0.01_seed46_20260822_043134_263178.json,44,1900,0,False,,52.555532693862915,{},4,results/bob_recon_run_tp0.0_hp0.0_rp0.01_seed46_20260822_043134_263178.json,reconciliation,0.01
0.0,0.0,0.01,47,results/bob_recon_run_tp0.0_hp0.0_rp0.01_seed47_20260822_043227_951766.json,44,1900,0,False,,52.7009220123291,{},5,results/bob_recon_run_tp0.0_hp0.0_rp0.01_seed47_20260822_043227_951766.json,reconciliation,0.01
0.0,0.0,0.01,48,results/bob_recon_run_tp0.0_hp0.0_rp0.01_seed48_20260822_043321_796732.json,44,1900,1,False,,55.014254570007324,{'reconciliation_state': 1},6,results/bob_recon_run_tp0.0_hp0.0_rp0.01_seed48_20260822_043321_796732.json,reconciliation,0.01
0.0,0.0,0.01,49,results/bob_recon_run_tp0.0_hp0.0_rp0.01_seed49_20260822_043417_949703.json,44,1900,0,False,,53.92938709259033,{},7,results/bob_recon_run_tp0.0_hp0.0_rp0.01_seed49_20260822_043417_949703.json,reconciliation,0.01
0.0,0.0,0.01,50,results/bob_recon_run_tp0.0_hp0.0_rp0.01_seed50_20260822_043513_017075.json,44,1900,1,False,,52.90017533302307,{'reconciliation_state': 1},8,results/bob_recon_run_tp0.0_hp0.0_rp0.01_seed50_20260822_043513_017075.json,reconciliation,0.01
0.0,0.0,0.01,51,results/bob_recon_run_tp0.0_hp0.0_rp0.01_seed51_20260822_043607_068432.json,44,1900,0,False,,52.461217403411865,{},9,results/bob_recon_run_tp0.0_hp0.0_rp0.01_seed51_20260822_043607_068432.json,reconciliation,0.01
0.0,0.0,0.01,52,results/bob_recon_run_tp0.0_hp0.0_rp0.01_seed52_20260822_043700_668480.json,44,1900,0,False,,52.07422685623169,{},10,results/bob_recon_run_tp0.0_hp0.0_rp0.01_seed52_20260822_043700_668480.json,reconciliation,0.01
0.0,0.0,0.01,53,results/bob_recon_run_tp0.0_hp0.0_rp0.01_seed53_20260822_043753_875627.json,44,1900,0,False,,52.9504930973053,{},11,results/bob_recon_run_tp0.0_hp0.0_rp0.01_seed53_20260822_043753_875627.json,reconciliation,0.01
0.0,0.0,0.01,54,results/bob_recon_run_tp0.0_hp0.0_rp0.01_seed54_20260822_043847_974696.json,44,1900,0,False,,55.02886772155762,{},12,results/bob_recon_run_tp0.0_hp0.0_rp0.01_seed54_20260822_043847_974696.json,reconciliation,0.01
0.0,0.0,0.01,55,results/bob_recon_run_tp0.0_hp0.0_rp0.01_seed55_20260822_043944_144930.json,44,1900,0,False,,51.857845067977905,{},13,results/bob_recon_run_tp0.0_hp0.0_rp0.01_seed55_20260822_043944_144930.json,reconciliation,0.01
0.0,0.0,0.01,56,results/bob_recon_run_tp0.0_hp0.0_rp0.01_seed56_20260822_044037_147526.json,44,1900,1,False,,53.53324031829834,{'reconciliation_state': 1},14,results/bob_recon_run_tp0.0_hp0.0_rp0.01_seed56_20260822_044037_147526.json,reconciliation,0.01
0.0,0.0,0.01,57,results/bob_recon_run_tp0.0_hp0.0_rp0.01_seed57_20260822_044131_820487.json,44,1900,2,False,,55.98379683494568,{'reconciliation_state': 2},15,results/bob_recon_run_tp0.0_hp0.0_rp0.01_seed57_20260822_044131_820487.json,reconciliation,0.01
0.0,0.0,0.01,58,results/bob_recon_run_tp0.0_hp0.0_rp0.01_seed58_20260822_044228_951602.json,44,1900,1,False,,54.553845167160034,{'reconciliation_state': 1},16,results/bob_recon_run_tp0.0_hp0.0_rp0.01_seed58_20260822_044228_951602.json,reconciliation,0.01
0.0,0.0,0.01,59,results/bob_recon_run_tp0.0_hp0.0_rp0.01_seed59_20260822_044324_638177.json,44,1900,0,False,,53.80058836936951,{},17,results/bob_recon_run_tp0.0_hp0.0_rp0.01_seed59_20260822_044324_638177.json,reconciliation,0.01
0.0,0.0,0.01,60,results/bob_recon_run_tp0.0_hp0.0_rp0.01_seed60_20260822_044419_577854.json,44,1900,0,False,,52.07373261451721,{},18,results/bob_recon_run_tp0.0_hp0.0_rp0.01_seed60_20260822_044419_577854.json,reconciliation,0.01
0.0,0.0,0.01,61,results/bob_recon_run_tp0.0_hp0.0_rp0.01_seed61_20260822_044512_786695.json,44,1900,0,False,,52.048145055770874,{},19,results/bob_recon_run_tp0.0_hp0.0_rp0.01_seed61_20260822_044512_786695.json,reconciliation,0.01
0.0,0.0,0.003,42,results/bob_recon_run_tp0.0_hp0.0_rp0.003_seed42_20260822_044605_965822.json,44,1900,0,False,,52.37000274658203,{},0,results/bob_recon_run_tp0.0_hp0.0_rp0.003_seed42_20260822_044605_965822.json,reconciliation,0.003
0.0,0.0,0.003,43,results/bob_recon_run_tp0.0_hp0.0_rp0.003_seed43_20260822_044659_467589.json,44,1900,0,False,,53.25474405288696,{},1,results/bob_recon_run_tp0.0_hp0.0_rp0.003_seed43_20260822_044659_467589.json,reconciliation,0.003
0.0,0.0,0.003,44,results/bob_recon_run_tp0.0_hp0.0_rp0.003_seed44_20260822_044753_850748.json,44,1900,0,False,,54.03054618835449,{},2,results/bob_recon_run_tp0.0_hp0.0_rp0.003_seed44_20260822_044753_850748.json,reconciliation,0.003
0.0,0.0,0.003,45,results/bob_recon_run_tp0.0_hp0.0_rp0.003_seed45_20260822_044849_021831.json,44,1900,0,False,,53.9268536567688,{},3,results/bob_recon_run_tp0.0_hp0.0_rp0.003_seed45_20260822_044849_021831.json,reconciliation,0.003
0.0,0.0,0.003,46,results/bob_recon_run_tp0.0_hp0.0_rp0.003_seed46_20260822_044944_084447.json,44,1900,0,False,,51.81533479690552,{},4,results/bob_recon_run_tp0.0_hp0.0_rp0.003_seed46_20260822_044944_084447.json,reconciliation,0.003
0.0,0.0,0.003,47,results/bob_recon_run_tp0.0_hp0.0_rp0.003_seed47_20260822_045037_039324.json,44,1900,0,False,,53.238276720047,{},5,results/bob_recon_run_tp0.0_hp0.0_rp0.003_seed47_20260822_045037_039324.json,reconciliation,0.003
0.0,0.0,0.003,48,results/bob_recon_run_tp0.0_hp0.0_rp0.003_seed48_20260822_045131_432519.json,44,1900,0,False,,53.774807929992676,{},6,results/bob_recon_run_tp0.0_hp0.0_rp0.003_seed48_20260822_045131_432519.json,reconciliation,0.003
0.0,0.0,0.003,49,results/bob_recon_run_tp0.0_hp0.0_rp0.003_seed49_20260822_045226_343102.json,44,1900,0,False,,53.91310405731201,{},7,results/bob_recon_run_tp0.0_hp0.0_rp0.003_seed49_20260822_045226_343102.json,reconciliation,0.003
0.0,0.0,0.003,50,results/bob_recon_run_tp0.0_hp0.0_rp0.003_seed50_20260822_045321_390430.json,44,1900,0,False,,53.541507959365845,{},8,results/bob_recon_run_tp0.0_hp0.0_rp0.003_seed50_20260822_045321_390430.json,reconciliation,0.003
0.0,0.0,0.003,51,results/bob_recon_run_tp0.0_hp0.0_rp0.003_seed51_20260822_045416_099476.json,44,1900,0,False,,52.04871320724487,{},9,results/bob_recon_run_tp0.0_hp0.0_rp0.003_seed51_20260822_045416_099476.json,reconciliation,0.003
0.0,0.0,0.003,52,results/bob_recon_run_tp0.0_hp0.0_rp0.003_seed52_20260822_045509_285900.json,44,1900,0,False,,52.640251874923706,{},10,results/bob_recon_run_tp0.0_hp0.0_rp0.003_seed52_20260822_045509_285900.json,reconciliation,0.003
0.0,0.0,0.003,53,results/bob_recon_run_tp0.0_hp0.0_rp0.003_seed53_20260822_045603_069666.json,44,1900,0,False,,54.81140971183777,{},11,results/bob_recon_run_tp0.0_hp0.0_rp0.003_seed53_20260822_045603_069666.json,reconciliation,0.003
0.0,0.0,0.003,54,results/bob_recon_run_tp0.0_hp0.0_rp0.003_seed54_20260822_045659_021453.json,44,1900,0,False,,53.71904015541077,{},12,results/bob_recon_run_tp0.0_hp0.0_rp0.003_seed54_20260822_045659_021453.json,reconciliation,0.003
0.0,0.0,0.003,55,results/bob_recon_run_tp0.0_hp0.0_rp0.003_seed55_20260822_045753_918744.json,44,1900,0,False,,55.203760385513306,{},13,results/bob_recon_run_tp0.0_hp0.0_rp0.003_seed55_20260822_045753_918744.json,reconciliation,0.003
0.0,0.0,0.003,56,results/bob_recon_run_tp0.0_hp0.0_rp0.003_seed56_20260822_045850_282467.json,44,1900,0,False,,53.095130920410156,{},14,results/bob_recon_run_tp0.0_hp0.0_rp0.003_seed56_20260822_045850_282467.json,reconciliation,0.003
0.0,0.0,0.003,57,results/bob_recon_run_tp0.0_hp0.0_rp0.003_seed57_20260822_045944_517975.json,44,1900,0,False,,52.351768016815186,{},15,results/bob_recon_run_tp0.0_hp0.0_rp0.003_seed57_20260822_045944_517975.json,reconciliation,0.003
0.0,0.0,0.003,58,results/bob_recon_run_tp0.0_hp0.0_rp0.003_seed58_20260822_050038_001003.json,44,1900,1,False,,51.89788246154785,{'reconciliation_state': 1},16,results/bob_recon_run_tp0.0_hp0.0_rp0.003_seed58_20260822_050038_001003.json,reconciliation,0.003
0.0,0.0,0.003,59,results/bob_recon_run_tp0.0_hp0.0_rp0.003_seed59_20260822_050131_109212.json,44,1900,0,False,,53.09335279464722,{},17,results/bob_recon_run_tp0.0_hp0.0_rp0.003_seed59_20260822_050131_109212.json,reconciliation,0.003
0.0,0.0,0.003,60,results/bob_recon_run_tp0.0_hp0.0_rp0.003_seed60_20260822_050225_338182.json,44,1900,0,False,,55.80736994743347,{},18,results/bob_recon_run_tp0.0_hp0.0_rp0.003_seed60_20260822_050225_338182.json,reconciliation,0.003
0.0,0.0,0.003,61,results/bob_recon_run_tp0.0_hp0.0_rp0.003_seed61_20260822_050322_276204.json,44,1900,0,False,,53.16142964363098,{},19,results/bob_recon_run_tp0.0_hp0.0_rp0.003_seed61_20260822_050322_276204.json,reconciliation,0.003
0.0,0.0,0.001,42,results/bob_recon_run_tp0.0_hp0.0_rp0.001_seed42_20260822_050416_571118.json,44,1900,0,False,,52.689340353012085,{},0,results/bob_recon_run_tp0.0_hp0.0_rp0.001_seed42_20260822_050416_571118.json,reconciliation,0.001
0.0,0.0,0.001,43,results/bob_recon_run_tp0.0_hp0.0_rp0.001_seed43_20260822_050510_445771.json,44,1900,0,False,,55.74957299232483,{},1,results/bob_recon_run_tp0.0_hp0.0_rp0.001_seed43_20260822_050510_445771.json,reconciliation,0.001
0.0,0.0,0.001,44,results/bob_recon_run_tp0.0_hp0.0_rp0.001_seed44_20260822_050607_337630.json,44,1900,0,False,,49.984248876571655,{},2,results/bob_recon_run_tp0.0_hp0.0_rp0.001_seed44_20260822_050607_337630.json,reconciliation,0.001
0.0,0.0,0.001,45,results/bob_recon_run_tp0.0_hp0.0_rp0.001_seed45_20260822_050658_458605.json,44,1900,0,False,,52.52544975280762,{},3,results/bob_recon_run_tp0.0_hp0.0_rp0.001_seed45_20260822_050658_458605.json,reconciliation,0.001
0.0,0.0,0.001,46,results/bob_recon_run_tp0.0_hp0.0_rp0.001_seed46_20260822_050752_128189.json,44,1900,0,False,,52.86058950424194,{},4,results/bob_recon_run_tp0.0_hp0.0_rp0.001_seed46_20260822_050752_128189.json,reconciliation,0.001
0.0,0.0,0.001,47,results/bob_recon_run_tp0.0_hp0.0_rp0.001_seed47_20260822_050846_138505.json,44,1900,0,False,,53.25234651565552,{},5,results/bob_recon_run_tp0.0_hp0.0_rp0.001_seed47_20260822_050846_138505.json,reconciliation,0.001
0.0,0.0,0.001,48,results/bob_recon_run_tp0.0_hp0.0_rp0.001_seed48_20260822_050940_532225.json,44,1900,0,False,,52.84050440788269,{},6,results/bob_recon_run_tp0.0_hp0.0_rp0.001_seed48_20260822_050940_532225.json,reconciliation,0.001
0.0,0.0,0.001,49,results/bob_recon_run_tp0.0_hp0.0_rp0.001_seed49_20260822_051034_510889.json,44,1900,0,False,,53.8606379032135,{},7,results/bob_recon_run_tp0.0_hp0.0_rp0.001_seed49_20260822_051034_510889.json,reconciliation,0.001
0.0,0.0,0.001,50,results/bob_recon_run_tp0.0_hp0.0_rp0.001_seed50_20260822_051129_542273.json,44,1900,0,False,,53.12600255012512,{},8,results/bob_recon_run_tp0.0_hp0.0_rp0.001_seed50_20260822_051129_542273.json,reconciliation,0.001
0.0,0.0,0.001,51,results/bob_recon_run_tp0.0_hp0.0_rp0.001_seed51_20260822_051223_832079.json,44,1900,0,False,,51.624290466308594,{},9,results/bob_recon_run_tp0.0_hp0.0_rp0.001_seed51_20260822_051223_832079.json,reconciliation,0.001
0.0,0.0,0.001,52,results/bob_recon_run_tp0.0_hp0.0_rp0.001_seed52_20260822_051316_628727.json,44,1900,0,False,,53.33385252952576,{},10,results/bob_recon_run_tp0.0_hp0.0_rp0.001_seed52_20260822_051316_628727.json,reconciliation,0.001
0.0,0.0,0.001,53,results/bob_recon_run_tp0.0_hp0.0_rp0.001_seed53_20260822_051411_124041.json,44,1900,0,False,,53.17122435569763,{},11,results/bob_recon_run_tp0.0_hp0.0_rp0.001_seed53_20260822_051411_124041.json,reconciliation,0.001
0.0,0.0,0.001,54,results/bob_recon_run_tp0.0_hp0.0_rp0.001_seed54_20260822_051505_508532.json,44,1900,0,False,,54.713871717453,{},12,results/bob_recon_run_tp0.0_hp0.0_rp0.001_seed54_20260822_051505_508532.json,reconciliation,0.001
0.0,0.0,0.001,55,results/bob_recon_run_tp0.0_hp0.0_rp0.001_seed55_20260822_051601_365908.json,44,1900,0,False,,53.917898178100586,{},13,results/bob_recon_run_tp0.0_hp0.0_rp0.001_seed55_20260822_051601_365908.json,reconciliation,0.001
0.0,0.0,0.001,56,results/bob_recon_run_tp0.0_hp0.0_rp0.001_seed56_20260822_051656_415035.json,44,1900,0,False,,54.560826778411865,{},14,results/bob_recon_run_tp0.0_hp0.0_rp0.001_seed56_20260822_051656_415035.json,reconciliation,0.001
0.0,0.0,0.001,57,results/bob_recon_run_tp0.0_hp0.0_rp0.001_seed57_20260822_051752_110634.json,44,1900,0,False,,51.982234716415405,{},15,results/bob_recon_run_tp0.0_hp0.0_rp0.001_seed57_20260822_051752_110634.json,reconciliation,0.001
0.0,0.0,0.001,58,results/bob_recon_run_tp0.0_hp0.0_rp0.001_seed58_20260822_051845_230394.json,44,1900,0,False,,55.58988046646118,{},16,results/bob_recon_run_tp0.0_hp0.0_rp0.001_seed58_20260822_051845_230394.json,reconciliation,0.001
0.0,0.0,0.001,59,results/bob_recon_run_tp0.0_hp0.0_rp0.001_seed59_20260822_051941_957443.json,44,1900,0,False,,53.12230682373047,{},17,results/bob_recon_run_tp0.0_hp0.0_rp0.001_seed59_20260822_051941_957443.json,reconciliation,0.001
0.0,0.0,0.001,60,results/bob_recon_run_tp0.0_hp0.0_rp0.001_seed60_20260822_052036_219488.json,44,1900,0,False,,53.34222149848938,{},18,results/bob_recon_run_tp0.0_hp0.0_rp0.001_seed60_20260822_052036_219488.json,reconciliation,0.001
0.0,0.0,0.001,61,results/bob_recon_run_tp0.0_hp0.0_rp0.001_seed61_20260822_052130_701503.json,44,1900,0,False,,53.93619751930237,{},19,results/bob_recon_run_tp0.0_hp0.0_rp0.001_seed61_20260822_052130_701503.json,reconciliation,0.001
