toeplitz_prob,final_key_prob,reconciliation_prob,verify_digest_prob,seed,output_path,k_pe,total_corrections,secure_key_length,t_verify,digest_length,verification_passed,remaining_errors_after_reconciliation,non_convergent,error,elapsed_seconds,faults_fired,keys_match,alice_measurement_error,run,bob_output_path,alice_output_path,condition,key_index,qber
0.5,0.0,0.0,0.0,42,results/bob_realchannel_run_tp0.5_fk0.0_rp0.0_vd0.0_seed42_20260823_205258_112129.json,384,37,1686,68,34,True,0,False,,4.205089807510376,{},True,,0,results/bob_realchannel_run_tp0.5_fk0.0_rp0.0_vd0.0_seed42_20260823_205258_112129.json,results/alice_realchannel_run_seed42_20260823_205257_951350.json,toeplitz_only,0,0.013020833333333334
0.5,0.0,0.0,0.0,43,results/bob_realchannel_run_tp0.5_fk0.0_rp0.0_vd0.0_seed43_20260823_205303_896018.json,384,37,1686,68,34,True,0,False,,2.26135516166687,{'toeplitz_matrix': 1},False,,1,results/bob_realchannel_run_tp0.5_fk0.0_rp0.0_vd0.0_seed43_20260823_205303_896018.json,results/alice_realchannel_run_seed43_20260823_205303_902385.json,toeplitz_only,0,0.013020833333333334
0.5,0.0,0.0,0.0,44,results/bob_realchannel_run_tp0.5_fk0.0_rp0.0_vd0.0_seed44_20260823_205307_815610.json,384,37,1686,68,34,True,0,False,,1.9180970191955566,{'toeplitz_matrix': 1},True,,2,results/bob_realchannel_run_tp0.5_fk0.0_rp0.0_vd0.0_seed44_20260823_205307_815610.json,results/alice_realchannel_run_seed44_20260823_205307_822619.json,toeplitz_only,0,0.013020833333333334
0.5,0.0,0.0,0.0,45,results/bob_realchannel_run_tp0.5_fk0.0_rp0.0_vd0.0_seed45_20260823_205311_597597.json,384,37,1686,68,34,True,0,False,,4.339719533920288,{'toeplitz_matrix': 1},False,,3,results/bob_realchannel_run_tp0.5_fk0.0_rp0.0_vd0.0_seed45_20260823_205311_597597.json,results/alice_realchannel_run_seed45_20260823_205311_570432.json,toeplitz_only,0,0.013020833333333334
0.5,0.0,0.0,0.0,46,results/bob_realchannel_run_tp0.5_fk0.0_rp0.0_vd0.0_seed46_20260823_205317_526604.json,384,37,1686,68,34,True,0,False,,4.254397392272949,{'toeplitz_matrix': 1},False,,4,results/bob_realchannel_run_tp0.5_fk0.0_rp0.0_vd0.0_seed46_20260823_205317_526604.json,results/alice_realchannel_run_seed46_20260823_205317_499625.json,toeplitz_only,0,0.013020833333333334
0.0,0.5,0.0,0.0,42,results/bob_realchannel_run_tp0.0_fk0.5_rp0.0_vd0.0_seed42_20260823_205323_397844.json,384,37,1686,68,34,True,0,False,,4.331017971038818,{},True,,0,results/bob_realchannel_run_tp0.0_fk0.5_rp0.0_vd0.0_seed42_20260823_205323_397844.json,results/alice_realchannel_run_seed42_20260823_205323_361170.json,final_key_only,0,0.013020833333333334
0.0,0.5,0.0,0.0,43,results/bob_realchannel_run_tp0.0_fk0.5_rp0.0_vd0.0_seed43_20260823_205329_308966.json,384,37,1686,68,34,True,0,False,,3.787788152694702,{'final_key': 1},False,,1,results/bob_realchannel_run_tp0.0_fk0.5_rp0.0_vd0.0_seed43_20260823_205329_308966.json,results/alice_realchannel_run_seed43_20260823_205329_286070.json,final_key_only,0,0.013020833333333334
0.0,0.5,0.0,0.0,44,results/bob_realchannel_run_tp0.0_fk0.5_rp0.0_vd0.0_seed44_20260823_205334_692070.json,384,37,1686,68,34,True,0,False,,4.325178146362305,{'final_key': 1},False,,2,results/bob_realchannel_run_tp0.0_fk0.5_rp0.0_vd0.0_seed44_20260823_205334_692070.json,results/alice_realchannel_run_seed44_20260823_205334_638088.json,final_key_only,0,0.013020833333333334
0.0,0.5,0.0,0.0,45,results/bob_realchannel_run_tp0.0_fk0.5_rp0.0_vd0.0_seed45_20260823_205340_587870.json,384,37,1686,68,34,True,0,False,,1.500427484512329,{},True,,3,results/bob_realchannel_run_tp0.0_fk0.5_rp0.0_vd0.0_seed45_20260823_205340_587870.json,results/alice_realchannel_run_seed45_20260823_205340_605160.json,final_key_only,0,0.013020833333333334
0.0,0.5,0.0,0.0,46,results/bob_realchannel_run_tp0.0_fk0.5_rp0.0_vd0.0_seed46_20260823_205343_738968.json,384,37,1686,68,34,True,0,False,,4.233856201171875,{'final_key': 1},False,,4,results/bob_realchannel_run_tp0.0_fk0.5_rp0.0_vd0.0_seed46_20260823_205343_738968.json,results/alice_realchannel_run_seed46_20260823_205343_695672.json,final_key_only,0,0.013020833333333334
0.5,0.0,0.0,0.0,42,results/bob_realchannel_run_tp0.5_fk0.0_rp0.0_vd0.0_seed42_20260823_205350_911917.json,383,35,1683,68,34,True,0,False,,4.78495454788208,{'toeplitz_matrix': 1},False,,0,results/bob_realchannel_run_tp0.5_fk0.0_rp0.0_vd0.0_seed42_20260823_205350_911917.json,results/alice_realchannel_run_seed42_20260823_205350_781209.json,toeplitz_only,1,0.007832898172323759
0.5,0.0,0.0,0.0,43,results/bob_realchannel_run_tp0.5_fk0.0_rp0.0_vd0.0_seed43_20260823_205357_356740.json,383,35,1683,68,34,True,0,False,,4.52848219871521,{},True,,1,results/bob_realchannel_run_tp0.5_fk0.0_rp0.0_vd0.0_seed43_20260823_205357_356740.json,results/alice_realchannel_run_seed43_20260823_205357_317946.json,toeplitz_only,1,0.007832898172323759
0.5,0.0,0.0,0.0,44,results/bob_realchannel_run_tp0.5_fk0.0_rp0.0_vd0.0_seed44_20260823_205403_456017.json,383,35,1683,68,34,True,0,False,,2.480889081954956,{},True,,2,results/bob_realchannel_run_tp0.5_fk0.0_rp0.0_vd0.0_seed44_20260823_205403_456017.json,results/alice_realchannel_run_seed44_20260823_205403_446141.json,toeplitz_only,1,0.007832898172323759
0.5,0.0,0.0,0.0,45,results/bob_realchannel_run_tp0.5_fk0.0_rp0.0_vd0.0_seed45_20260823_205407_635004.json,383,35,1683,68,34,True,0,False,,3.286449432373047,{},True,,3,results/bob_realchannel_run_tp0.5_fk0.0_rp0.0_vd0.0_seed45_20260823_205407_635004.json,results/alice_realchannel_run_seed45_20260823_205407_492714.json,toeplitz_only,1,0.007832898172323759
0.5,0.0,0.0,0.0,46,results/bob_realchannel_run_tp0.5_fk0.0_rp0.0_vd0.0_seed46_20260823_205412_546040.json,383,35,1683,68,34,True,0,False,,4.642731666564941,{},True,,4,results/bob_realchannel_run_tp0.5_fk0.0_rp0.0_vd0.0_seed46_20260823_205412_546040.json,results/alice_realchannel_run_seed46_20260823_205412_517890.json,toeplitz_only,1,0.007832898172323759
0.0,0.5,0.0,0.0,42,results/bob_realchannel_run_tp0.0_fk0.5_rp0.0_vd0.0_seed42_20260823_205418_764102.json,383,35,1683,68,34,True,0,False,,4.896937847137451,{},True,,0,results/bob_realchannel_run_tp0.0_fk0.5_rp0.0_vd0.0_seed42_20260823_205418_764102.json,results/alice_realchannel_run_seed42_20260823_205418_739301.json,final_key_only,1,0.007832898172323759
0.0,0.5,0.0,0.0,43,results/bob_realchannel_run_tp0.0_fk0.5_rp0.0_vd0.0_seed43_20260823_205425_239779.json,383,35,1683,68,34,True,0,False,,4.540631055831909,{'final_key': 1},False,,1,results/bob_realchannel_run_tp0.0_fk0.5_rp0.0_vd0.0_seed43_20260823_205425_239779.json,results/alice_realchannel_run_seed43_20260823_205425_208159.json,final_key_only,1,0.007832898172323759
0.0,0.5,0.0,0.0,44,results/bob_realchannel_run_tp0.0_fk0.5_rp0.0_vd0.0_seed44_20260823_205431_367278.json,383,35,1683,68,34,True,0,False,,4.465482234954834,{'final_key': 1},False,,2,results/bob_realchannel_run_tp0.0_fk0.5_rp0.0_vd0.0_seed44_20260823_205431_367278.json,results/alice_realchannel_run_seed44_20260823_205431_328178.json,final_key_only,1,0.007832898172323759
0.0,0.5,0.0,0.0,45,results/bob_realchannel_run_tp0.0_fk0.5_rp0.0_vd0.0_seed45_20260823_205437_440743.json,383,35,1683,68,34,True,0,False,,4.968926191329956,{},True,,3,results/bob_realchannel_run_tp0.0_fk0.5_rp0.0_vd0.0_seed45_20260823_205437_440743.json,results/alice_realchannel_run_seed45_20260823_205437_397565.json,final_key_only,1,0.007832898172323759
0.0,0.5,0.0,0.0,46,results/bob_realchannel_run_tp0.0_fk0.5_rp0.0_vd0.0_seed46_20260823_205443_999437.json,383,35,1683,68,34,True,0,False,,4.6250855922698975,{},True,,4,results/bob_realchannel_run_tp0.0_fk0.5_rp0.0_vd0.0_seed46_20260823_205443_999437.json,results/alice_realchannel_run_seed46_20260823_205443_959152.json,final_key_only,1,0.007832898172323759
0.5,0.0,0.0,0.0,42,results/bob_realchannel_run_tp0.5_fk0.0_rp0.0_vd0.0_seed42_20260823_205451_618791.json,379,32,1666,68,34,True,0,False,,2.6935012340545654,{},True,,0,results/bob_realchannel_run_tp0.5_fk0.0_rp0.0_vd0.0_seed42_20260823_205451_618791.json,results/alice_realchannel_run_seed42_20260823_205451_469122.json,toeplitz_only,2,0.018469656992084433
0.5,0.0,0.0,0.0,43,results/bob_realchannel_run_tp0.5_fk0.0_rp0.0_vd0.0_seed43_20260823_205455_943801.json,379,32,1666,68,34,True,0,False,,1.1402838230133057,{},True,,1,results/bob_realchannel_run_tp0.5_fk0.0_rp0.0_vd0.0_seed43_20260823_205455_943801.json,results/alice_realchannel_run_seed43_20260823_205455_936479.json,toeplitz_only,2,0.018469656992084433
0.5,0.0,0.0,0.0,44,results/bob_realchannel_run_tp0.5_fk0.0_rp0.0_vd0.0_seed44_20260823_205458_662888.json,379,32,1666,68,34,True,0,False,,3.109797716140747,{},True,,2,results/bob_realchannel_run_tp0.5_fk0.0_rp0.0_vd0.0_seed44_20260823_205458_662888.json,results/alice_realchannel_run_seed44_20260823_205458_636174.json,toeplitz_only,2,0.018469656992084433
0.5,0.0,0.0,0.0,45,results/bob_realchannel_run_tp0.5_fk0.0_rp0.0_vd0.0_seed45_20260823_205503_369129.json,379,32,1666,68,34,True,0,False,,2.6310296058654785,{'toeplitz_matrix': 1},False,,3,results/bob_realchannel_run_tp0.5_fk0.0_rp0.0_vd0.0_seed45_20260823_205503_369129.json,results/alice_realchannel_run_seed45_20260823_205503_317327.json,toeplitz_only,2,0.018469656992084433
0.5,0.0,0.0,0.0,46,results/bob_realchannel_run_tp0.5_fk0.0_rp0.0_vd0.0_seed46_20260823_205507_593211.json,379,32,1666,68,34,True,0,False,,3.0996170043945312,{'toeplitz_matrix': 1},False,,4,results/bob_realchannel_run_tp0.5_fk0.0_rp0.0_vd0.0_seed46_20260823_205507_593211.json,results/alice_realchannel_run_seed46_20260823_205507_543856.json,toeplitz_only,2,0.018469656992084433
0.0,0.5,0.0,0.0,42,results/bob_realchannel_run_tp0.0_fk0.5_rp0.0_vd0.0_seed42_20260823_205512_306363.json,379,32,1666,68,34,True,0,False,,2.765744924545288,{'final_key': 1},False,,0,results/bob_realchannel_run_tp0.0_fk0.5_rp0.0_vd0.0_seed42_20260823_205512_306363.json,results/alice_realchannel_run_seed42_20260823_205512_237278.json,final_key_only,2,0.018469656992084433
0.0,0.5,0.0,0.0,43,results/bob_realchannel_run_tp0.0_fk0.5_rp0.0_vd0.0_seed43_20260823_205516_696560.json,379,32,1666,68,34,True,0,False,,2.71144700050354,{},True,,1,results/bob_realchannel_run_tp0.0_fk0.5_rp0.0_vd0.0_seed43_20260823_205516_696560.json,results/alice_realchannel_run_seed43_20260823_205516_622901.json,final_key_only,2,0.018469656992084433
0.0,0.5,0.0,0.0,44,results/bob_realchannel_run_tp0.0_fk0.5_rp0.0_vd0.0_seed44_20260823_205520_986990.json,379,32,1666,68,34,True,0,False,,3.1051621437072754,{},True,,2,results/bob_realchannel_run_tp0.0_fk0.5_rp0.0_vd0.0_seed44_20260823_205520_986990.json,results/alice_realchannel_run_seed44_20260823_205520_958462.json,final_key_only,2,0.018469656992084433
0.0,0.5,0.0,0.0,45,results/bob_realchannel_run_tp0.0_fk0.5_rp0.0_vd0.0_seed45_20260823_205525_667431.json,379,32,1666,68,34,True,0,False,,2.668699264526367,{},True,,3,results/bob_realchannel_run_tp0.0_fk0.5_rp0.0_vd0.0_seed45_20260823_205525_667431.json,results/alice_realchannel_run_seed45_20260823_205525_645362.json,final_key_only,2,0.018469656992084433
0.0,0.5,0.0,0.0,46,results/bob_realchannel_run_tp0.0_fk0.5_rp0.0_vd0.0_seed46_20260823_205529_912427.json,379,32,1666,68,34,True,0,False,,3.1315720081329346,{'final_key': 1},False,,4,results/bob_realchannel_run_tp0.0_fk0.5_rp0.0_vd0.0_seed46_20260823_205529_912427.json,results/alice_realchannel_run_seed46_20260823_205529_893372.json,final_key_only,2,0.018469656992084433
0.5,0.0,0.0,0.0,42,results/bob_realchannel_run_tp0.5_fk0.0_rp0.0_vd0.0_seed42_20260823_205535_949730.json,378,38,1659,68,34,True,0,False,,2.647526502609253,{},True,,0,results/bob_realchannel_run_tp0.5_fk0.0_rp0.0_vd0.0_seed42_20260823_205535_949730.json,results/alice_realchannel_run_seed42_20260823_205535_820742.json,toeplitz_only,3,0.018518518518518517
0.5,0.0,0.0,0.0,43,results/bob_realchannel_run_tp0.5_fk0.0_rp0.0_vd0.0_seed43_20260823_205540_231049.json,378,38,1659,68,34,True,0,False,,2.814087152481079,{'toeplitz_matrix': 1},True,,1,results/bob_realchannel_run_tp0.5_fk0.0_rp0.0_vd0.0_seed43_20260823_205540_231049.json,results/alice_realchannel_run_seed43_20260823_205540_199093.json,toeplitz_only,3,0.018518518518518517
0.5,0.0,0.0,0.0,44,results/bob_realchannel_run_tp0.5_fk0.0_rp0.0_vd0.0_seed44_20260823_205544_870777.json,378,38,1659,68,34,True,0,False,,3.2068095207214355,{'toeplitz_matrix': 1},False,,2,results/bob_realchannel_run_tp0.5_fk0.0_rp0.0_vd0.0_seed44_20260823_205544_870777.json,results/alice_realchannel_run_seed44_20260823_205544_754677.json,toeplitz_only,3,0.018518518518518517
0.5,0.0,0.0,0.0,45,results/bob_realchannel_run_tp0.5_fk0.0_rp0.0_vd0.0_seed45_20260823_205549_795295.json,378,38,1659,68,34,True,0,False,,2.8175735473632812,{},True,,3,results/bob_realchannel_run_tp0.5_fk0.0_rp0.0_vd0.0_seed45_20260823_205549_795295.json,results/alice_realchannel_run_seed45_20260823_205549_713043.json,toeplitz_only,3,0.018518518518518517
0.5,0.0,0.0,0.0,46,results/bob_realchannel_run_tp0.5_fk0.0_rp0.0_vd0.0_seed46_20260823_205554_207893.json,378,38,1659,68,34,True,0,False,,2.712721824645996,{'toeplitz_matrix': 1},True,,4,results/bob_realchannel_run_tp0.5_fk0.0_rp0.0_vd0.0_seed46_20260823_205554_207893.json,results/alice_realchannel_run_seed46_20260823_205554_175267.json,toeplitz_only,3,0.018518518518518517
0.0,0.5,0.0,0.0,42,results/bob_realchannel_run_tp0.0_fk0.5_rp0.0_vd0.0_seed42_20260823_205558_502065.json,378,38,1659,68,34,True,0,False,,1.1828231811523438,{'final_key': 1},False,,0,results/bob_realchannel_run_tp0.0_fk0.5_rp0.0_vd0.0_seed42_20260823_205558_502065.json,results/alice_realchannel_run_seed42_20260823_205558_534609.json,final_key_only,3,0.018518518518518517
0.0,0.5,0.0,0.0,43,results/bob_realchannel_run_tp0.0_fk0.5_rp0.0_vd0.0_seed43_20260823_205601_371291.json,378,38,1659,68,34,True,0,False,,2.7897417545318604,{'final_key': 1},False,,1,results/bob_realchannel_run_tp0.0_fk0.5_rp0.0_vd0.0_seed43_20260823_205601_371291.json,results/alice_realchannel_run_seed43_20260823_205601_315433.json,final_key_only,3,0.018518518518518517
0.0,0.5,0.0,0.0,44,results/bob_realchannel_run_tp0.0_fk0.5_rp0.0_vd0.0_seed44_20260823_205605_762348.json,378,38,1659,68,34,True,0,False,,3.066577196121216,{},True,,2,results/bob_realchannel_run_tp0.0_fk0.5_rp0.0_vd0.0_seed44_20260823_205605_762348.json,results/alice_realchannel_run_seed44_20260823_205605_740459.json,final_key_only,3,0.018518518518518517
0.0,0.5,0.0,0.0,45,results/bob_realchannel_run_tp0.0_fk0.5_rp0.0_vd0.0_seed45_20260823_205610_501428.json,378,38,1659,68,34,True,0,False,,3.2794601917266846,{},True,,3,results/bob_realchannel_run_tp0.0_fk0.5_rp0.0_vd0.0_seed45_20260823_205610_501428.json,results/alice_realchannel_run_seed45_20260823_205610_491332.json,final_key_only,3,0.018518518518518517
0.0,0.5,0.0,0.0,46,results/bob_realchannel_run_tp0.0_fk0.5_rp0.0_vd0.0_seed46_20260823_205615_454137.json,378,38,1659,68,34,True,0,False,,2.7187793254852295,{},True,,4,results/bob_realchannel_run_tp0.0_fk0.5_rp0.0_vd0.0_seed46_20260823_205615_454137.json,results/alice_realchannel_run_seed46_20260823_205615_422056.json,final_key_only,3,0.018518518518518517
0.5,0.0,0.0,0.0,42,results/bob_realchannel_run_tp0.5_fk0.0_rp0.0_vd0.0_seed42_20260823_205621_113160.json,384,39,1690,68,34,True,0,False,,3.947559118270874,{'toeplitz_matrix': 1},False,,0,results/bob_realchannel_run_tp0.5_fk0.0_rp0.0_vd0.0_seed42_20260823_205621_113160.json,results/alice_realchannel_run_seed42_20260823_205620_955960.json,toeplitz_only,4,0.010416666666666666
0.5,0.0,0.0,0.0,43,results/bob_realchannel_run_tp0.5_fk0.0_rp0.0_vd0.0_seed43_20260823_205626_645790.json,384,39,1690,68,34,True,0,False,,4.415070056915283,{'toeplitz_matrix': 1},False,,1,results/bob_realchannel_run_tp0.5_fk0.0_rp0.0_vd0.0_seed43_20260823_205626_645790.json,results/alice_realchannel_run_seed43_20260823_205626_626500.json,toeplitz_only,4,0.010416666666666666
0.5,0.0,0.0,0.0,44,results/bob_realchannel_run_tp0.5_fk0.0_rp0.0_vd0.0_seed44_20260823_205632_643591.json,384,39,1690,68,34,True,0,False,,4.380699872970581,{},True,,2,results/bob_realchannel_run_tp0.5_fk0.0_rp0.0_vd0.0_seed44_20260823_205632_643591.json,results/alice_realchannel_run_seed44_20260823_205632_607726.json,toeplitz_only,4,0.010416666666666666
0.5,0.0,0.0,0.0,45,results/bob_realchannel_run_tp0.5_fk0.0_rp0.0_vd0.0_seed45_20260823_205638_601557.json,384,39,1690,68,34,True,0,False,,4.4711198806762695,{},True,,3,results/bob_realchannel_run_tp0.5_fk0.0_rp0.0_vd0.0_seed45_20260823_205638_601557.json,results/alice_realchannel_run_seed45_20260823_205638_575392.json,toeplitz_only,4,0.010416666666666666
0.5,0.0,0.0,0.0,46,results/bob_realchannel_run_tp0.5_fk0.0_rp0.0_vd0.0_seed46_20260823_205644_651560.json,384,39,1690,68,34,True,0,False,,4.4659271240234375,{},True,,4,results/bob_realchannel_run_tp0.5_fk0.0_rp0.0_vd0.0_seed46_20260823_205644_651560.json,results/alice_realchannel_run_seed46_20260823_205644_624921.json,toeplitz_only,4,0.010416666666666666
0.0,0.5,0.0,0.0,42,results/bob_realchannel_run_tp0.0_fk0.5_rp0.0_vd0.0_seed42_20260823_205650_721656.json,384,39,1690,68,34,True,0,False,,4.051049709320068,{},True,,0,results/bob_realchannel_run_tp0.0_fk0.5_rp0.0_vd0.0_seed42_20260823_205650_721656.json,results/alice_realchannel_run_seed42_20260823_205650_668463.json,final_key_only,4,0.010416666666666666
0.0,0.5,0.0,0.0,43,results/bob_realchannel_run_tp0.0_fk0.5_rp0.0_vd0.0_seed43_20260823_205656_371004.json,384,39,1690,68,34,True,0,False,,4.381822109222412,{'final_key': 1},False,,1,results/bob_realchannel_run_tp0.0_fk0.5_rp0.0_vd0.0_seed43_20260823_205656_371004.json,results/alice_realchannel_run_seed43_20260823_205656_321203.json,final_key_only,4,0.010416666666666666
0.0,0.5,0.0,0.0,44,results/bob_realchannel_run_tp0.0_fk0.5_rp0.0_vd0.0_seed44_20260823_205702_355347.json,384,39,1690,68,34,True,0,False,,4.365805625915527,{'final_key': 1},False,,2,results/bob_realchannel_run_tp0.0_fk0.5_rp0.0_vd0.0_seed44_20260823_205702_355347.json,results/alice_realchannel_run_seed44_20260823_205702_300305.json,final_key_only,4,0.010416666666666666
0.0,0.5,0.0,0.0,45,results/bob_realchannel_run_tp0.0_fk0.5_rp0.0_vd0.0_seed45_20260823_205708_304740.json,384,39,1690,68,34,True,0,False,,4.468215465545654,{},True,,3,results/bob_realchannel_run_tp0.0_fk0.5_rp0.0_vd0.0_seed45_20260823_205708_304740.json,results/alice_realchannel_run_seed45_20260823_205708_279942.json,final_key_only,4,0.010416666666666666
0.0,0.5,0.0,0.0,46,results/bob_realchannel_run_tp0.0_fk0.5_rp0.0_vd0.0_seed46_20260823_205714_355164.json,384,39,1690,68,34,True,0,False,,4.461292266845703,{},True,,4,results/bob_realchannel_run_tp0.0_fk0.5_rp0.0_vd0.0_seed46_20260823_205714_355164.json,results/alice_realchannel_run_seed46_20260823_205714_327187.json,final_key_only,4,0.010416666666666666
