toeplitz_prob,final_key_prob,reconciliation_prob,verify_digest_prob,seed,output_path,k_pe,total_corrections,secure_key_length,t_verify,digest_length,verification_passed,remaining_errors_after_reconciliation,non_convergent,error,elapsed_seconds,faults_fired,keys_match,alice_measurement_error,run,bob_output_path,alice_output_path,fault_type,prob
0.5,0.0,0.0,0.0,42,results/bob_realchannel_run_tp0.5_fk0.0_rp0.0_vd0.0_seed42_20260824_024506_344937.json,388,41,1706,68,34,True,0,False,,4.756073474884033,{'toeplitz_matrix': 1},True,,0,results/bob_realchannel_run_tp0.5_fk0.0_rp0.0_vd0.0_seed42_20260824_024506_344937.json,results/alice_realchannel_run_seed42_20260824_024506_263373.json,toeplitz,0.5
0.5,0.0,0.0,0.0,43,results/bob_realchannel_run_tp0.5_fk0.0_rp0.0_vd0.0_seed43_20260824_024512_484735.json,388,41,1706,68,34,True,0,False,,4.788383960723877,{},True,,1,results/bob_realchannel_run_tp0.5_fk0.0_rp0.0_vd0.0_seed43_20260824_024512_484735.json,results/alice_realchannel_run_seed43_20260824_024512_457152.json,toeplitz,0.5
0.5,0.0,0.0,0.0,44,results/bob_realchannel_run_tp0.5_fk0.0_rp0.0_vd0.0_seed44_20260824_024518_640640.json,388,41,1706,68,34,True,0,False,,4.680027961730957,{'toeplitz_matrix': 1},True,,2,results/bob_realchannel_run_tp0.5_fk0.0_rp0.0_vd0.0_seed44_20260824_024518_640640.json,results/alice_realchannel_run_seed44_20260824_024518_608798.json,toeplitz,0.5
0.5,0.0,0.0,0.0,45,results/bob_realchannel_run_tp0.5_fk0.0_rp0.0_vd0.0_seed45_20260824_024524_682605.json,388,41,1706,68,34,True,0,False,,4.758642911911011,{},True,,3,results/bob_realchannel_run_tp0.5_fk0.0_rp0.0_vd0.0_seed45_20260824_024524_682605.json,results/alice_realchannel_run_seed45_20260824_024524_655486.json,toeplitz,0.5
0.5,0.0,0.0,0.0,46,results/bob_realchannel_run_tp0.5_fk0.0_rp0.0_vd0.0_seed46_20260824_024530_810513.json,388,41,1706,68,34,True,0,False,,4.430302858352661,{'toeplitz_matrix': 1},True,,4,results/bob_realchannel_run_tp0.5_fk0.0_rp0.0_vd0.0_seed46_20260824_024530_810513.json,results/alice_realchannel_run_seed46_20260824_024530_773535.json,toeplitz,0.5
0.5,0.0,0.0,0.0,47,results/bob_realchannel_run_tp0.5_fk0.0_rp0.0_vd0.0_seed47_20260824_024536_606783.json,388,41,1706,68,34,True,0,False,,4.8062355518341064,{'toeplitz_matrix': 1},False,,5,results/bob_realchannel_run_tp0.5_fk0.0_rp0.0_vd0.0_seed47_20260824_024536_606783.json,results/alice_realchannel_run_seed47_20260824_024536_574031.json,toeplitz,0.5
0.5,0.0,0.0,0.0,48,results/bob_realchannel_run_tp0.5_fk0.0_rp0.0_vd0.0_seed48_20260824_024542_824447.json,388,41,1706,68,34,True,0,False,,4.349025249481201,{},True,,6,results/bob_realchannel_run_tp0.5_fk0.0_rp0.0_vd0.0_seed48_20260824_024542_824447.json,results/alice_realchannel_run_seed48_20260824_024542_762075.json,toeplitz,0.5
0.5,0.0,0.0,0.0,49,results/bob_realchannel_run_tp0.5_fk0.0_rp0.0_vd0.0_seed49_20260824_024549_589948.json,388,41,1706,68,34,True,0,False,,4.30426549911499,{},True,,7,results/bob_realchannel_run_tp0.5_fk0.0_rp0.0_vd0.0_seed49_20260824_024549_589948.json,results/alice_realchannel_run_seed49_20260824_024549_294311.json,toeplitz,0.5
0.5,0.0,0.0,0.0,50,results/bob_realchannel_run_tp0.5_fk0.0_rp0.0_vd0.0_seed50_20260824_024555_383873.json,388,41,1706,68,34,True,0,False,,4.544983625411987,{},True,,8,results/bob_realchannel_run_tp0.5_fk0.0_rp0.0_vd0.0_seed50_20260824_024555_383873.json,results/alice_realchannel_run_seed50_20260824_024555_372671.json,toeplitz,0.5
0.5,0.0,0.0,0.0,51,results/bob_realchannel_run_tp0.5_fk0.0_rp0.0_vd0.0_seed51_20260824_024601_397695.json,388,41,1706,68,34,True,0,False,,4.530693292617798,{},True,,9,results/bob_realchannel_run_tp0.5_fk0.0_rp0.0_vd0.0_seed51_20260824_024601_397695.json,results/alice_realchannel_run_seed51_20260824_024601_364474.json,toeplitz,0.5
0.5,0.0,0.0,0.0,52,results/bob_realchannel_run_tp0.5_fk0.0_rp0.0_vd0.0_seed52_20260824_024607_301014.json,388,41,1706,68,34,True,0,False,,4.547856092453003,{},True,,10,results/bob_realchannel_run_tp0.5_fk0.0_rp0.0_vd0.0_seed52_20260824_024607_301014.json,results/alice_realchannel_run_seed52_20260824_024607_266349.json,toeplitz,0.5
0.5,0.0,0.0,0.0,53,results/bob_realchannel_run_tp0.5_fk0.0_rp0.0_vd0.0_seed53_20260824_024613_332716.json,388,41,1706,68,34,True,0,False,,4.600054025650024,{},True,,11,results/bob_realchannel_run_tp0.5_fk0.0_rp0.0_vd0.0_seed53_20260824_024613_332716.json,results/alice_realchannel_run_seed53_20260824_024613_307866.json,toeplitz,0.5
0.5,0.0,0.0,0.0,54,results/bob_realchannel_run_tp0.5_fk0.0_rp0.0_vd0.0_seed54_20260824_024619_399865.json,388,41,1706,68,34,True,0,False,,2.6967408657073975,{'toeplitz_matrix': 1},False,,12,results/bob_realchannel_run_tp0.5_fk0.0_rp0.0_vd0.0_seed54_20260824_024619_399865.json,results/alice_realchannel_run_seed54_20260824_024619_397965.json,toeplitz,0.5
0.5,0.0,0.0,0.0,55,results/bob_realchannel_run_tp0.5_fk0.0_rp0.0_vd0.0_seed55_20260824_024623_582097.json,388,41,1706,68,34,True,0,False,,4.44667387008667,{'toeplitz_matrix': 1},False,,13,results/bob_realchannel_run_tp0.5_fk0.0_rp0.0_vd0.0_seed55_20260824_024623_582097.json,results/alice_realchannel_run_seed55_20260824_024623_527735.json,toeplitz,0.5
0.5,0.0,0.0,0.0,56,results/bob_realchannel_run_tp0.5_fk0.0_rp0.0_vd0.0_seed56_20260824_024629_444067.json,388,41,1706,68,34,True,0,False,,4.61799693107605,{},True,,14,results/bob_realchannel_run_tp0.5_fk0.0_rp0.0_vd0.0_seed56_20260824_024629_444067.json,results/alice_realchannel_run_seed56_20260824_024629_403391.json,toeplitz,0.5
0.5,0.0,0.0,0.0,57,results/bob_realchannel_run_tp0.5_fk0.0_rp0.0_vd0.0_seed57_20260824_024635_502759.json,388,41,1706,68,34,True,0,False,,4.7059643268585205,{'toeplitz_matrix': 1},True,,15,results/bob_realchannel_run_tp0.5_fk0.0_rp0.0_vd0.0_seed57_20260824_024635_502759.json,results/alice_realchannel_run_seed57_20260824_024635_440708.json,toeplitz,0.5
0.5,0.0,0.0,0.0,58,results/bob_realchannel_run_tp0.5_fk0.0_rp0.0_vd0.0_seed58_20260824_024641_617398.json,388,41,1706,68,34,True,0,False,,3.260061502456665,{'toeplitz_matrix': 1},False,,16,results/bob_realchannel_run_tp0.5_fk0.0_rp0.0_vd0.0_seed58_20260824_024641_617398.json,results/alice_realchannel_run_seed58_20260824_024641_577385.json,toeplitz,0.5
0.5,0.0,0.0,0.0,59,results/bob_realchannel_run_tp0.5_fk0.0_rp0.0_vd0.0_seed59_20260824_024646_260894.json,388,41,1706,68,34,True,0,False,,4.899965763092041,{},True,,17,results/bob_realchannel_run_tp0.5_fk0.0_rp0.0_vd0.0_seed59_20260824_024646_260894.json,results/alice_realchannel_run_seed59_20260824_024646_226065.json,toeplitz,0.5
0.5,0.0,0.0,0.0,60,results/bob_realchannel_run_tp0.5_fk0.0_rp0.0_vd0.0_seed60_20260824_024652_546396.json,388,41,1706,68,34,True,0,False,,4.694805145263672,{'toeplitz_matrix': 1},False,,18,results/bob_realchannel_run_tp0.5_fk0.0_rp0.0_vd0.0_seed60_20260824_024652_546396.json,results/alice_realchannel_run_seed60_20260824_024652_505383.json,toeplitz,0.5
0.5,0.0,0.0,0.0,61,results/bob_realchannel_run_tp0.5_fk0.0_rp0.0_vd0.0_seed61_20260824_024658_624598.json,388,41,1706,68,34,True,0,False,,4.6360132694244385,{'toeplitz_matrix': 1},True,,19,results/bob_realchannel_run_tp0.5_fk0.0_rp0.0_vd0.0_seed61_20260824_024658_624598.json,results/alice_realchannel_run_seed61_20260824_024658_589981.json,toeplitz,0.5
0.3,0.0,0.0,0.0,42,results/bob_realchannel_run_tp0.3_fk0.0_rp0.0_vd0.0_seed42_20260824_024704_641231.json,388,41,1706,68,34,True,0,False,,4.811668872833252,{},True,,0,results/bob_realchannel_run_tp0.3_fk0.0_rp0.0_vd0.0_seed42_20260824_024704_641231.json,results/alice_realchannel_run_seed42_20260824_024704_615705.json,toeplitz,0.3
0.3,0.0,0.0,0.0,43,results/bob_realchannel_run_tp0.3_fk0.0_rp0.0_vd0.0_seed43_20260824_024710_840127.json,388,41,1706,68,34,True,0,False,,4.808820009231567,{},True,,1,results/bob_realchannel_run_tp0.3_fk0.0_rp0.0_vd0.0_seed43_20260824_024710_840127.json,results/alice_realchannel_run_seed43_20260824_024710_831277.json,toeplitz,0.3
0.3,0.0,0.0,0.0,44,results/bob_realchannel_run_tp0.3_fk0.0_rp0.0_vd0.0_seed44_20260824_024717_027408.json,388,41,1706,68,34,True,0,False,,4.685583591461182,{'toeplitz_matrix': 1},True,,2,results/bob_realchannel_run_tp0.3_fk0.0_rp0.0_vd0.0_seed44_20260824_024717_027408.json,results/alice_realchannel_run_seed44_20260824_024716_995883.json,toeplitz,0.3
0.3,0.0,0.0,0.0,45,results/bob_realchannel_run_tp0.3_fk0.0_rp0.0_vd0.0_seed45_20260824_024723_101513.json,388,41,1706,68,34,True,0,False,,4.747257709503174,{},True,,3,results/bob_realchannel_run_tp0.3_fk0.0_rp0.0_vd0.0_seed45_20260824_024723_101513.json,results/alice_realchannel_run_seed45_20260824_024723_066227.json,toeplitz,0.3
0.3,0.0,0.0,0.0,46,results/bob_realchannel_run_tp0.3_fk0.0_rp0.0_vd0.0_seed46_20260824_024729_249018.json,388,41,1706,68,34,True,0,False,,4.420096158981323,{'toeplitz_matrix': 1},True,,4,results/bob_realchannel_run_tp0.3_fk0.0_rp0.0_vd0.0_seed46_20260824_024729_249018.json,results/alice_realchannel_run_seed46_20260824_024729_200580.json,toeplitz,0.3
0.3,0.0,0.0,0.0,47,results/bob_realchannel_run_tp0.3_fk0.0_rp0.0_vd0.0_seed47_20260824_024735_052304.json,388,41,1706,68,34,True,0,False,,4.792929649353027,{'toeplitz_matrix': 1},False,,5,results/bob_realchannel_run_tp0.3_fk0.0_rp0.0_vd0.0_seed47_20260824_024735_052304.json,results/alice_realchannel_run_seed47_20260824_024735_018924.json,toeplitz,0.3
0.3,0.0,0.0,0.0,48,results/bob_realchannel_run_tp0.3_fk0.0_rp0.0_vd0.0_seed48_20260824_024741_251190.json,388,41,1706,68,34,True,0,False,,4.3817360401153564,{},True,,6,results/bob_realchannel_run_tp0.3_fk0.0_rp0.0_vd0.0_seed48_20260824_024741_251190.json,results/alice_realchannel_run_seed48_20260824_024741_223764.json,toeplitz,0.3
0.3,0.0,0.0,0.0,49,results/bob_realchannel_run_tp0.3_fk0.0_rp0.0_vd0.0_seed49_20260824_024747_006402.json,388,41,1706,68,34,True,0,False,,4.5545759201049805,{},True,,7,results/bob_realchannel_run_tp0.3_fk0.0_rp0.0_vd0.0_seed49_20260824_024747_006402.json,results/alice_realchannel_run_seed49_20260824_024746_965034.json,toeplitz,0.3
0.3,0.0,0.0,0.0,50,results/bob_realchannel_run_tp0.3_fk0.0_rp0.0_vd0.0_seed50_20260824_024752_935650.json,388,41,1706,68,34,True,0,False,,4.545533895492554,{},True,,8,results/bob_realchannel_run_tp0.3_fk0.0_rp0.0_vd0.0_seed50_20260824_024752_935650.json,results/alice_realchannel_run_seed50_20260824_024752_921056.json,toeplitz,0.3
0.3,0.0,0.0,0.0,51,results/bob_realchannel_run_tp0.3_fk0.0_rp0.0_vd0.0_seed51_20260824_024758_859049.json,388,41,1706,68,34,True,0,False,,4.550334215164185,{},True,,9,results/bob_realchannel_run_tp0.3_fk0.0_rp0.0_vd0.0_seed51_20260824_024758_859049.json,results/alice_realchannel_run_seed51_20260824_024758_829039.json,toeplitz,0.3
0.3,0.0,0.0,0.0,52,results/bob_realchannel_run_tp0.3_fk0.0_rp0.0_vd0.0_seed52_20260824_024804_787164.json,388,41,1706,68,34,True,0,False,,4.569485425949097,{},True,,10,results/bob_realchannel_run_tp0.3_fk0.0_rp0.0_vd0.0_seed52_20260824_024804_787164.json,results/alice_realchannel_run_seed52_20260824_024804_766977.json,toeplitz,0.3
0.3,0.0,0.0,0.0,53,results/bob_realchannel_run_tp0.3_fk0.0_rp0.0_vd0.0_seed53_20260824_024810_741692.json,388,41,1706,68,34,True,0,False,,4.5836181640625,{},True,,11,results/bob_realchannel_run_tp0.3_fk0.0_rp0.0_vd0.0_seed53_20260824_024810_741692.json,results/alice_realchannel_run_seed53_20260824_024810_702631.json,toeplitz,0.3
0.3,0.0,0.0,0.0,54,results/bob_realchannel_run_tp0.3_fk0.0_rp0.0_vd0.0_seed54_20260824_024816_711530.json,388,41,1706,68,34,True,0,False,,4.6893932819366455,{},True,,12,results/bob_realchannel_run_tp0.3_fk0.0_rp0.0_vd0.0_seed54_20260824_024816_711530.json,results/alice_realchannel_run_seed54_20260824_024816_678485.json,toeplitz,0.3
0.3,0.0,0.0,0.0,55,results/bob_realchannel_run_tp0.3_fk0.0_rp0.0_vd0.0_seed55_20260824_024822_783299.json,388,41,1706,68,34,True,0,False,,2.4905099868774414,{'toeplitz_matrix': 1},False,,13,results/bob_realchannel_run_tp0.3_fk0.0_rp0.0_vd0.0_seed55_20260824_024822_783299.json,results/alice_realchannel_run_seed55_20260824_024822_791181.json,toeplitz,0.3
0.3,0.0,0.0,0.0,56,results/bob_realchannel_run_tp0.3_fk0.0_rp0.0_vd0.0_seed56_20260824_024826_653220.json,388,41,1706,68,34,True,0,False,,4.639594078063965,{},True,,14,results/bob_realchannel_run_tp0.3_fk0.0_rp0.0_vd0.0_seed56_20260824_024826_653220.json,results/alice_realchannel_run_seed56_20260824_024826_630736.json,toeplitz,0.3
0.3,0.0,0.0,0.0,57,results/bob_realchannel_run_tp0.3_fk0.0_rp0.0_vd0.0_seed57_20260824_024832_655061.json,388,41,1706,68,34,True,0,False,,2.8794851303100586,{},True,,15,results/bob_realchannel_run_tp0.3_fk0.0_rp0.0_vd0.0_seed57_20260824_024832_655061.json,results/alice_realchannel_run_seed57_20260824_024832_625811.json,toeplitz,0.3
0.3,0.0,0.0,0.0,58,results/bob_realchannel_run_tp0.3_fk0.0_rp0.0_vd0.0_seed58_20260824_024836_929604.json,388,41,1706,68,34,True,0,False,,2.6232473850250244,{},True,,16,results/bob_realchannel_run_tp0.3_fk0.0_rp0.0_vd0.0_seed58_20260824_024836_929604.json,results/alice_realchannel_run_seed58_20260824_024836_922817.json,toeplitz,0.3
0.3,0.0,0.0,0.0,59,results/bob_realchannel_run_tp0.3_fk0.0_rp0.0_vd0.0_seed59_20260824_024841_010008.json,388,41,1706,68,34,True,0,False,,4.8986287117004395,{},True,,17,results/bob_realchannel_run_tp0.3_fk0.0_rp0.0_vd0.0_seed59_20260824_024841_010008.json,results/alice_realchannel_run_seed59_20260824_024840_972415.json,toeplitz,0.3
0.3,0.0,0.0,0.0,60,results/bob_realchannel_run_tp0.3_fk0.0_rp0.0_vd0.0_seed60_20260824_024847_285372.json,388,41,1706,68,34,True,0,False,,4.695497512817383,{'toeplitz_matrix': 1},False,,18,results/bob_realchannel_run_tp0.3_fk0.0_rp0.0_vd0.0_seed60_20260824_024847_285372.json,results/alice_realchannel_run_seed60_20260824_024847_252584.json,toeplitz,0.3
0.3,0.0,0.0,0.0,61,results/bob_realchannel_run_tp0.3_fk0.0_rp0.0_vd0.0_seed61_20260824_024853_369639.json,388,41,1706,68,34,True,0,False,,4.646990060806274,{},True,,19,results/bob_realchannel_run_tp0.3_fk0.0_rp0.0_vd0.0_seed61_20260824_024853_369639.json,results/alice_realchannel_run_seed61_20260824_024853_348504.json,toeplitz,0.3
0.1,0.0,0.0,0.0,42,results/bob_realchannel_run_tp0.1_fk0.0_rp0.0_vd0.0_seed42_20260824_024859_413285.json,388,41,1706,68,34,True,0,False,,4.347736597061157,{},True,,0,results/bob_realchannel_run_tp0.1_fk0.0_rp0.0_vd0.0_seed42_20260824_024859_413285.json,results/alice_realchannel_run_seed42_20260824_024859_379993.json,toeplitz,0.1
0.1,0.0,0.0,0.0,43,results/bob_realchannel_run_tp0.1_fk0.0_rp0.0_vd0.0_seed43_20260824_024905_144782.json,388,41,1706,68,34,True,0,False,,2.7961771488189697,{},True,,1,results/bob_realchannel_run_tp0.1_fk0.0_rp0.0_vd0.0_seed43_20260824_024905_144782.json,results/alice_realchannel_run_seed43_20260824_024905_137455.json,toeplitz,0.1
0.1,0.0,0.0,0.0,44,results/bob_realchannel_run_tp0.1_fk0.0_rp0.0_vd0.0_seed44_20260824_024909_412748.json,388,41,1706,68,34,True,0,False,,4.656174421310425,{},True,,2,results/bob_realchannel_run_tp0.1_fk0.0_rp0.0_vd0.0_seed44_20260824_024909_412748.json,results/alice_realchannel_run_seed44_20260824_024909_357890.json,toeplitz,0.1
0.1,0.0,0.0,0.0,45,results/bob_realchannel_run_tp0.1_fk0.0_rp0.0_vd0.0_seed45_20260824_024915_453185.json,388,41,1706,68,34,True,0,False,,4.740198850631714,{},True,,3,results/bob_realchannel_run_tp0.1_fk0.0_rp0.0_vd0.0_seed45_20260824_024915_453185.json,results/alice_realchannel_run_seed45_20260824_024915_410992.json,toeplitz,0.1
0.1,0.0,0.0,0.0,46,results/bob_realchannel_run_tp0.1_fk0.0_rp0.0_vd0.0_seed46_20260824_024921_571508.json,388,41,1706,68,34,True,0,False,,4.433396816253662,{},True,,4,results/bob_realchannel_run_tp0.1_fk0.0_rp0.0_vd0.0_seed46_20260824_024921_571508.json,results/alice_realchannel_run_seed46_20260824_024921_537051.json,toeplitz,0.1
0.1,0.0,0.0,0.0,47,results/bob_realchannel_run_tp0.1_fk0.0_rp0.0_vd0.0_seed47_20260824_024927_388875.json,388,41,1706,68,34,True,0,False,,4.795946836471558,{},True,,5,results/bob_realchannel_run_tp0.1_fk0.0_rp0.0_vd0.0_seed47_20260824_024927_388875.json,results/alice_realchannel_run_seed47_20260824_024927_360879.json,toeplitz,0.1
0.1,0.0,0.0,0.0,48,results/bob_realchannel_run_tp0.1_fk0.0_rp0.0_vd0.0_seed48_20260824_024933_575933.json,388,41,1706,68,34,True,0,False,,2.397185802459717,{},True,,6,results/bob_realchannel_run_tp0.1_fk0.0_rp0.0_vd0.0_seed48_20260824_024933_575933.json,results/alice_realchannel_run_seed48_20260824_024933_578853.json,toeplitz,0.1
0.1,0.0,0.0,0.0,49,results/bob_realchannel_run_tp0.1_fk0.0_rp0.0_vd0.0_seed49_20260824_024937_442108.json,388,41,1706,68,34,True,0,False,,2.578779458999634,{},True,,7,results/bob_realchannel_run_tp0.1_fk0.0_rp0.0_vd0.0_seed49_20260824_024937_442108.json,results/alice_realchannel_run_seed49_20260824_024937_437127.json,toeplitz,0.1
0.1,0.0,0.0,0.0,50,results/bob_realchannel_run_tp0.1_fk0.0_rp0.0_vd0.0_seed50_20260824_024941_496276.json,388,41,1706,68,34,True,0,False,,2.5724072456359863,{},True,,8,results/bob_realchannel_run_tp0.1_fk0.0_rp0.0_vd0.0_seed50_20260824_024941_496276.json,results/alice_realchannel_run_seed50_20260824_024941_522925.json,toeplitz,0.1
0.1,0.0,0.0,0.0,51,results/bob_realchannel_run_tp0.1_fk0.0_rp0.0_vd0.0_seed51_20260824_024945_589695.json,388,41,1706,68,34,True,0,False,,4.563473463058472,{},True,,9,results/bob_realchannel_run_tp0.1_fk0.0_rp0.0_vd0.0_seed51_20260824_024945_589695.json,results/alice_realchannel_run_seed51_20260824_024945_566802.json,toeplitz,0.1
0.1,0.0,0.0,0.0,52,results/bob_realchannel_run_tp0.1_fk0.0_rp0.0_vd0.0_seed52_20260824_024951_598142.json,388,41,1706,68,34,True,0,False,,4.574670314788818,{},True,,10,results/bob_realchannel_run_tp0.1_fk0.0_rp0.0_vd0.0_seed52_20260824_024951_598142.json,results/alice_realchannel_run_seed52_20260824_024951_588822.json,toeplitz,0.1
0.1,0.0,0.0,0.0,53,results/bob_realchannel_run_tp0.1_fk0.0_rp0.0_vd0.0_seed53_20260824_024957_665819.json,388,41,1706,68,34,True,0,False,,4.579006195068359,{},True,,11,results/bob_realchannel_run_tp0.1_fk0.0_rp0.0_vd0.0_seed53_20260824_024957_665819.json,results/alice_realchannel_run_seed53_20260824_024957_618544.json,toeplitz,0.1
0.1,0.0,0.0,0.0,54,results/bob_realchannel_run_tp0.1_fk0.0_rp0.0_vd0.0_seed54_20260824_025003_678860.json,388,41,1706,68,34,True,0,False,,2.69354248046875,{},True,,12,results/bob_realchannel_run_tp0.1_fk0.0_rp0.0_vd0.0_seed54_20260824_025003_678860.json,results/alice_realchannel_run_seed54_20260824_025003_677205.json,toeplitz,0.1
0.1,0.0,0.0,0.0,55,results/bob_realchannel_run_tp0.1_fk0.0_rp0.0_vd0.0_seed55_20260824_025007_861974.json,388,41,1706,68,34,True,0,False,,2.5111777782440186,{},True,,13,results/bob_realchannel_run_tp0.1_fk0.0_rp0.0_vd0.0_seed55_20260824_025007_861974.json,results/alice_realchannel_run_seed55_20260824_025007_891303.json,toeplitz,0.1
0.1,0.0,0.0,0.0,56,results/bob_realchannel_run_tp0.1_fk0.0_rp0.0_vd0.0_seed56_20260824_025011_818977.json,388,41,1706,68,34,True,0,False,,2.6539061069488525,{},True,,14,results/bob_realchannel_run_tp0.1_fk0.0_rp0.0_vd0.0_seed56_20260824_025011_818977.json,results/alice_realchannel_run_seed56_20260824_025011_830299.json,toeplitz,0.1
0.1,0.0,0.0,0.0,57,results/bob_realchannel_run_tp0.1_fk0.0_rp0.0_vd0.0_seed57_20260824_025015_952229.json,388,41,1706,68,34,True,0,False,,2.9128005504608154,{},True,,15,results/bob_realchannel_run_tp0.1_fk0.0_rp0.0_vd0.0_seed57_20260824_025015_952229.json,results/alice_realchannel_run_seed57_20260824_025015_901422.json,toeplitz,0.1
0.1,0.0,0.0,0.0,58,results/bob_realchannel_run_tp0.1_fk0.0_rp0.0_vd0.0_seed58_20260824_025020_314499.json,388,41,1706,68,34,True,0,False,,4.630642414093018,{},True,,16,results/bob_realchannel_run_tp0.1_fk0.0_rp0.0_vd0.0_seed58_20260824_025020_314499.json,results/alice_realchannel_run_seed58_20260824_025020_299822.json,toeplitz,0.1
0.1,0.0,0.0,0.0,59,results/bob_realchannel_run_tp0.1_fk0.0_rp0.0_vd0.0_seed59_20260824_025026_401555.json,388,41,1706,68,34,True,0,False,,4.919353008270264,{},True,,17,results/bob_realchannel_run_tp0.1_fk0.0_rp0.0_vd0.0_seed59_20260824_025026_401555.json,results/alice_realchannel_run_seed59_20260824_025026_386871.json,toeplitz,0.1
0.1,0.0,0.0,0.0,60,results/bob_realchannel_run_tp0.1_fk0.0_rp0.0_vd0.0_seed60_20260824_025032_763925.json,388,41,1706,68,34,True,0,False,,2.709029197692871,{},True,,18,results/bob_realchannel_run_tp0.1_fk0.0_rp0.0_vd0.0_seed60_20260824_025032_763925.json,results/alice_realchannel_run_seed60_20260824_025032_757141.json,toeplitz,0.1
0.1,0.0,0.0,0.0,61,results/bob_realchannel_run_tp0.1_fk0.0_rp0.0_vd0.0_seed61_20260824_025036_920269.json,388,41,1706,68,34,True,0,False,,4.660806894302368,{},True,,19,results/bob_realchannel_run_tp0.1_fk0.0_rp0.0_vd0.0_seed61_20260824_025036_920269.json,results/alice_realchannel_run_seed61_20260824_025036_910504.json,toeplitz,0.1
0.05,0.0,0.0,0.0,42,results/bob_realchannel_run_tp0.05_fk0.0_rp0.0_vd0.0_seed42_20260824_025043_018179.json,388,41,1706,68,34,True,0,False,,4.810471773147583,{},True,,0,results/bob_realchannel_run_tp0.05_fk0.0_rp0.0_vd0.0_seed42_20260824_025043_018179.json,results/alice_realchannel_run_seed42_20260824_025042_997928.json,toeplitz,0.05
0.05,0.0,0.0,0.0,43,results/bob_realchannel_run_tp0.05_fk0.0_rp0.0_vd0.0_seed43_20260824_025049_283363.json,388,41,1706,68,34,True,0,False,,2.349595785140991,{},True,,1,results/bob_realchannel_run_tp0.05_fk0.0_rp0.0_vd0.0_seed43_20260824_025049_283363.json,results/alice_realchannel_run_seed43_20260824_025049_284472.json,toeplitz,0.05
0.05,0.0,0.0,0.0,44,results/bob_realchannel_run_tp0.05_fk0.0_rp0.0_vd0.0_seed44_20260824_025053_070882.json,388,41,1706,68,34,True,0,False,,2.7017221450805664,{},True,,2,results/bob_realchannel_run_tp0.05_fk0.0_rp0.0_vd0.0_seed44_20260824_025053_070882.json,results/alice_realchannel_run_seed44_20260824_025053_077304.json,toeplitz,0.05
0.05,0.0,0.0,0.0,45,results/bob_realchannel_run_tp0.05_fk0.0_rp0.0_vd0.0_seed45_20260824_025057_276621.json,388,41,1706,68,34,True,0,False,,4.28492546081543,{},True,,3,results/bob_realchannel_run_tp0.05_fk0.0_rp0.0_vd0.0_seed45_20260824_025057_276621.json,results/alice_realchannel_run_seed45_20260824_025057_230229.json,toeplitz,0.05
0.05,0.0,0.0,0.0,46,results/bob_realchannel_run_tp0.05_fk0.0_rp0.0_vd0.0_seed46_20260824_025103_002840.json,388,41,1706,68,34,True,0,False,,4.4542152881622314,{},True,,4,results/bob_realchannel_run_tp0.05_fk0.0_rp0.0_vd0.0_seed46_20260824_025103_002840.json,results/alice_realchannel_run_seed46_20260824_025102_984005.json,toeplitz,0.05
0.05,0.0,0.0,0.0,47,results/bob_realchannel_run_tp0.05_fk0.0_rp0.0_vd0.0_seed47_20260824_025108_897398.json,388,41,1706,68,34,True,0,False,,2.799586057662964,{},True,,5,results/bob_realchannel_run_tp0.05_fk0.0_rp0.0_vd0.0_seed47_20260824_025108_897398.json,results/alice_realchannel_run_seed47_20260824_025108_892879.json,toeplitz,0.05
0.05,0.0,0.0,0.0,48,results/bob_realchannel_run_tp0.05_fk0.0_rp0.0_vd0.0_seed48_20260824_025113_168826.json,388,41,1706,68,34,True,0,False,,2.4039664268493652,{},True,,6,results/bob_realchannel_run_tp0.05_fk0.0_rp0.0_vd0.0_seed48_20260824_025113_168826.json,results/alice_realchannel_run_seed48_20260824_025113_181264.json,toeplitz,0.05
0.05,0.0,0.0,0.0,49,results/bob_realchannel_run_tp0.05_fk0.0_rp0.0_vd0.0_seed49_20260824_025117_023689.json,388,41,1706,68,34,True,0,False,,4.58508825302124,{},True,,7,results/bob_realchannel_run_tp0.05_fk0.0_rp0.0_vd0.0_seed49_20260824_025117_023689.json,results/alice_realchannel_run_seed49_20260824_025117_012562.json,toeplitz,0.05
0.05,0.0,0.0,0.0,50,results/bob_realchannel_run_tp0.05_fk0.0_rp0.0_vd0.0_seed50_20260824_025123_073828.json,388,41,1706,68,34,True,0,False,,4.546900033950806,{},True,,8,results/bob_realchannel_run_tp0.05_fk0.0_rp0.0_vd0.0_seed50_20260824_025123_073828.json,results/alice_realchannel_run_seed50_20260824_025123_065091.json,toeplitz,0.05
0.05,0.0,0.0,0.0,51,results/bob_realchannel_run_tp0.05_fk0.0_rp0.0_vd0.0_seed51_20260824_025129_055021.json,388,41,1706,68,34,True,0,False,,2.5579049587249756,{},True,,9,results/bob_realchannel_run_tp0.05_fk0.0_rp0.0_vd0.0_seed51_20260824_025129_055021.json,results/alice_realchannel_run_seed51_20260824_025129_050731.json,toeplitz,0.05
0.05,0.0,0.0,0.0,52,results/bob_realchannel_run_tp0.05_fk0.0_rp0.0_vd0.0_seed52_20260824_025133_060129.json,388,41,1706,68,34,True,0,False,,2.564685821533203,{},True,,10,results/bob_realchannel_run_tp0.05_fk0.0_rp0.0_vd0.0_seed52_20260824_025133_060129.json,results/alice_realchannel_run_seed52_20260824_025133_053328.json,toeplitz,0.05
0.05,0.0,0.0,0.0,53,results/bob_realchannel_run_tp0.05_fk0.0_rp0.0_vd0.0_seed53_20260824_025137_101329.json,388,41,1706,68,34,True,0,False,,2.732180595397949,{},True,,11,results/bob_realchannel_run_tp0.05_fk0.0_rp0.0_vd0.0_seed53_20260824_025137_101329.json,results/alice_realchannel_run_seed53_20260824_025137_072878.json,toeplitz,0.05
0.05,0.0,0.0,0.0,54,results/bob_realchannel_run_tp0.05_fk0.0_rp0.0_vd0.0_seed54_20260824_025141_351576.json,388,41,1706,68,34,True,0,False,,4.6336281299591064,{},True,,12,results/bob_realchannel_run_tp0.05_fk0.0_rp0.0_vd0.0_seed54_20260824_025141_351576.json,results/alice_realchannel_run_seed54_20260824_025141_280684.json,toeplitz,0.05
0.05,0.0,0.0,0.0,55,results/bob_realchannel_run_tp0.05_fk0.0_rp0.0_vd0.0_seed55_20260824_025147_460542.json,388,41,1706,68,34,True,0,False,,2.491982936859131,{},True,,13,results/bob_realchannel_run_tp0.05_fk0.0_rp0.0_vd0.0_seed55_20260824_025147_460542.json,results/alice_realchannel_run_seed55_20260824_025147_468462.json,toeplitz,0.05
0.05,0.0,0.0,0.0,56,results/bob_realchannel_run_tp0.05_fk0.0_rp0.0_vd0.0_seed56_20260824_025151_441392.json,388,41,1706,68,34,True,0,False,,4.6391685009002686,{},True,,14,results/bob_realchannel_run_tp0.05_fk0.0_rp0.0_vd0.0_seed56_20260824_025151_441392.json,results/alice_realchannel_run_seed56_20260824_025151_421785.json,toeplitz,0.05
0.05,0.0,0.0,0.0,57,results/bob_realchannel_run_tp0.05_fk0.0_rp0.0_vd0.0_seed57_20260824_025157_535522.json,388,41,1706,68,34,True,0,False,,2.7770516872406006,{},True,,15,results/bob_realchannel_run_tp0.05_fk0.0_rp0.0_vd0.0_seed57_20260824_025157_535522.json,results/alice_realchannel_run_seed57_20260824_025157_545068.json,toeplitz,0.05
0.05,0.0,0.0,0.0,58,results/bob_realchannel_run_tp0.05_fk0.0_rp0.0_vd0.0_seed58_20260824_025201_740634.json,388,41,1706,68,34,True,0,False,,2.6358156204223633,{},True,,16,results/bob_realchannel_run_tp0.05_fk0.0_rp0.0_vd0.0_seed58_20260824_025201_740634.json,results/alice_realchannel_run_seed58_20260824_025201_747018.json,toeplitz,0.05
0.05,0.0,0.0,0.0,59,results/bob_realchannel_run_tp0.05_fk0.0_rp0.0_vd0.0_seed59_20260824_025205_836984.json,388,41,1706,68,34,True,0,False,,2.9197919368743896,{},True,,17,results/bob_realchannel_run_tp0.05_fk0.0_rp0.0_vd0.0_seed59_20260824_025205_836984.json,results/alice_realchannel_run_seed59_20260824_025205_835897.json,toeplitz,0.05
0.05,0.0,0.0,0.0,60,results/bob_realchannel_run_tp0.05_fk0.0_rp0.0_vd0.0_seed60_20260824_025210_313222.json,388,41,1706,68,34,True,0,False,,4.6164326667785645,{},True,,18,results/bob_realchannel_run_tp0.05_fk0.0_rp0.0_vd0.0_seed60_20260824_025210_313222.json,results/alice_realchannel_run_seed60_20260824_025210_193219.json,toeplitz,0.05
0.05,0.0,0.0,0.0,61,results/bob_realchannel_run_tp0.05_fk0.0_rp0.0_vd0.0_seed61_20260824_025216_387331.json,388,41,1706,68,34,True,0,False,,2.2095119953155518,{},True,,19,results/bob_realchannel_run_tp0.05_fk0.0_rp0.0_vd0.0_seed61_20260824_025216_387331.json,results/alice_realchannel_run_seed61_20260824_025216_393818.json,toeplitz,0.05
0.03,0.0,0.0,0.0,42,results/bob_realchannel_run_tp0.03_fk0.0_rp0.0_vd0.0_seed42_20260824_025220_032807.json,388,41,1706,68,34,True,0,False,,2.820007085800171,{},True,,0,results/bob_realchannel_run_tp0.03_fk0.0_rp0.0_vd0.0_seed42_20260824_025220_032807.json,results/alice_realchannel_run_seed42_20260824_025220_033998.json,toeplitz,0.03
0.03,0.0,0.0,0.0,43,results/bob_realchannel_run_tp0.03_fk0.0_rp0.0_vd0.0_seed43_20260824_025224_313886.json,388,41,1706,68,34,True,0,False,,4.799071311950684,{},True,,1,results/bob_realchannel_run_tp0.03_fk0.0_rp0.0_vd0.0_seed43_20260824_025224_313886.json,results/alice_realchannel_run_seed43_20260824_025224_298937.json,toeplitz,0.03
0.03,0.0,0.0,0.0,44,results/bob_realchannel_run_tp0.03_fk0.0_rp0.0_vd0.0_seed44_20260824_025230_542939.json,388,41,1706,68,34,True,0,False,,2.701831817626953,{},True,,2,results/bob_realchannel_run_tp0.03_fk0.0_rp0.0_vd0.0_seed44_20260824_025230_542939.json,results/alice_realchannel_run_seed44_20260824_025230_547679.json,toeplitz,0.03
0.03,0.0,0.0,0.0,45,results/bob_realchannel_run_tp0.03_fk0.0_rp0.0_vd0.0_seed45_20260824_025234_713925.json,388,41,1706,68,34,True,0,False,,3.138779401779175,{},True,,3,results/bob_realchannel_run_tp0.03_fk0.0_rp0.0_vd0.0_seed45_20260824_025234_713925.json,results/alice_realchannel_run_seed45_20260824_025234_705444.json,toeplitz,0.03
0.03,0.0,0.0,0.0,46,results/bob_realchannel_run_tp0.03_fk0.0_rp0.0_vd0.0_seed46_20260824_025239_409320.json,388,41,1706,68,34,True,0,False,,4.42797589302063,{},True,,4,results/bob_realchannel_run_tp0.03_fk0.0_rp0.0_vd0.0_seed46_20260824_025239_409320.json,results/alice_realchannel_run_seed46_20260824_025239_370062.json,toeplitz,0.03
0.03,0.0,0.0,0.0,47,results/bob_realchannel_run_tp0.03_fk0.0_rp0.0_vd0.0_seed47_20260824_025245_310842.json,388,41,1706,68,34,True,0,False,,2.8100099563598633,{},True,,5,results/bob_realchannel_run_tp0.03_fk0.0_rp0.0_vd0.0_seed47_20260824_025245_310842.json,results/alice_realchannel_run_seed47_20260824_025245_313439.json,toeplitz,0.03
0.03,0.0,0.0,0.0,48,results/bob_realchannel_run_tp0.03_fk0.0_rp0.0_vd0.0_seed48_20260824_025249_547294.json,388,41,1706,68,34,True,0,False,,1.9498357772827148,{},True,,6,results/bob_realchannel_run_tp0.03_fk0.0_rp0.0_vd0.0_seed48_20260824_025249_547294.json,results/alice_realchannel_run_seed48_20260824_025249_562008.json,toeplitz,0.03
0.03,0.0,0.0,0.0,49,results/bob_realchannel_run_tp0.03_fk0.0_rp0.0_vd0.0_seed49_20260824_025252_951692.json,388,41,1706,68,34,True,0,False,,2.605379819869995,{},True,,7,results/bob_realchannel_run_tp0.03_fk0.0_rp0.0_vd0.0_seed49_20260824_025252_951692.json,results/alice_realchannel_run_seed49_20260824_025252_978648.json,toeplitz,0.03
0.03,0.0,0.0,0.0,50,results/bob_realchannel_run_tp0.03_fk0.0_rp0.0_vd0.0_seed50_20260824_025257_006866.json,388,41,1706,68,34,True,0,False,,2.562209367752075,{},True,,8,results/bob_realchannel_run_tp0.03_fk0.0_rp0.0_vd0.0_seed50_20260824_025257_006866.json,results/alice_realchannel_run_seed50_20260824_025257_018559.json,toeplitz,0.03
0.03,0.0,0.0,0.0,51,results/bob_realchannel_run_tp0.03_fk0.0_rp0.0_vd0.0_seed51_20260824_025301_052080.json,388,41,1706,68,34,True,0,False,,4.548823833465576,{},True,,9,results/bob_realchannel_run_tp0.03_fk0.0_rp0.0_vd0.0_seed51_20260824_025301_052080.json,results/alice_realchannel_run_seed51_20260824_025301_029440.json,toeplitz,0.03
0.03,0.0,0.0,0.0,52,results/bob_realchannel_run_tp0.03_fk0.0_rp0.0_vd0.0_seed52_20260824_025307_055325.json,388,41,1706,68,34,True,0,False,,2.5811357498168945,{},True,,10,results/bob_realchannel_run_tp0.03_fk0.0_rp0.0_vd0.0_seed52_20260824_025307_055325.json,results/alice_realchannel_run_seed52_20260824_025307_065799.json,toeplitz,0.03
0.03,0.0,0.0,0.0,53,results/bob_realchannel_run_tp0.03_fk0.0_rp0.0_vd0.0_seed53_20260824_025311_106181.json,388,41,1706,68,34,True,0,False,,2.6184399127960205,{},True,,11,results/bob_realchannel_run_tp0.03_fk0.0_rp0.0_vd0.0_seed53_20260824_025311_106181.json,results/alice_realchannel_run_seed53_20260824_025311_123296.json,toeplitz,0.03
0.03,0.0,0.0,0.0,54,results/bob_realchannel_run_tp0.03_fk0.0_rp0.0_vd0.0_seed54_20260824_025315_163664.json,388,41,1706,68,34,True,0,False,,2.704913854598999,{},True,,12,results/bob_realchannel_run_tp0.03_fk0.0_rp0.0_vd0.0_seed54_20260824_025315_163664.json,results/alice_realchannel_run_seed54_20260824_025315_174091.json,toeplitz,0.03
0.03,0.0,0.0,0.0,55,results/bob_realchannel_run_tp0.03_fk0.0_rp0.0_vd0.0_seed55_20260824_025319_312074.json,388,41,1706,68,34,True,0,False,,2.5004756450653076,{},True,,13,results/bob_realchannel_run_tp0.03_fk0.0_rp0.0_vd0.0_seed55_20260824_025319_312074.json,results/alice_realchannel_run_seed55_20260824_025319_334714.json,toeplitz,0.03
0.03,0.0,0.0,0.0,56,results/bob_realchannel_run_tp0.03_fk0.0_rp0.0_vd0.0_seed56_20260824_025323_265938.json,388,41,1706,68,34,True,0,False,,2.638544797897339,{},True,,14,results/bob_realchannel_run_tp0.03_fk0.0_rp0.0_vd0.0_seed56_20260824_025323_265938.json,results/alice_realchannel_run_seed56_20260824_025323_266649.json,toeplitz,0.03
0.03,0.0,0.0,0.0,57,results/bob_realchannel_run_tp0.03_fk0.0_rp0.0_vd0.0_seed57_20260824_025327_338328.json,388,41,1706,68,34,True,0,False,,2.7544660568237305,{},True,,15,results/bob_realchannel_run_tp0.03_fk0.0_rp0.0_vd0.0_seed57_20260824_025327_338328.json,results/alice_realchannel_run_seed57_20260824_025327_338071.json,toeplitz,0.03
0.03,0.0,0.0,0.0,58,results/bob_realchannel_run_tp0.03_fk0.0_rp0.0_vd0.0_seed58_20260824_025331_592440.json,388,41,1706,68,34,True,0,False,,4.620195150375366,{},True,,16,results/bob_realchannel_run_tp0.03_fk0.0_rp0.0_vd0.0_seed58_20260824_025331_592440.json,results/alice_realchannel_run_seed58_20260824_025331_574179.json,toeplitz,0.03
0.03,0.0,0.0,0.0,59,results/bob_realchannel_run_tp0.03_fk0.0_rp0.0_vd0.0_seed59_20260824_025337_710568.json,388,41,1706,68,34,True,0,False,,4.910799026489258,{},True,,17,results/bob_realchannel_run_tp0.03_fk0.0_rp0.0_vd0.0_seed59_20260824_025337_710568.json,results/alice_realchannel_run_seed59_20260824_025337_674073.json,toeplitz,0.03
0.03,0.0,0.0,0.0,60,results/bob_realchannel_run_tp0.03_fk0.0_rp0.0_vd0.0_seed60_20260824_025344_155088.json,388,41,1706,68,34,True,0,False,,2.7140820026397705,{},True,,18,results/bob_realchannel_run_tp0.03_fk0.0_rp0.0_vd0.0_seed60_20260824_025344_155088.json,results/alice_realchannel_run_seed60_20260824_025344_151488.json,toeplitz,0.03
0.03,0.0,0.0,0.0,61,results/bob_realchannel_run_tp0.03_fk0.0_rp0.0_vd0.0_seed61_20260824_025348_341534.json,388,41,1706,68,34,True,0,False,,2.6552205085754395,{},True,,19,results/bob_realchannel_run_tp0.03_fk0.0_rp0.0_vd0.0_seed61_20260824_025348_341534.json,results/alice_realchannel_run_seed61_20260824_025348_341408.json,toeplitz,0.03
0.01,0.0,0.0,0.0,42,results/bob_realchannel_run_tp0.01_fk0.0_rp0.0_vd0.0_seed42_20260824_025352_519749.json,388,41,1706,68,34,True,0,False,,4.80099630355835,{},True,,0,results/bob_realchannel_run_tp0.01_fk0.0_rp0.0_vd0.0_seed42_20260824_025352_519749.json,results/alice_realchannel_run_seed42_20260824_025352_491740.json,toeplitz,0.01
0.01,0.0,0.0,0.0,43,results/bob_realchannel_run_tp0.01_fk0.0_rp0.0_vd0.0_seed43_20260824_025358_781706.json,388,41,1706,68,34,True,0,False,,2.8038172721862793,{},True,,1,results/bob_realchannel_run_tp0.01_fk0.0_rp0.0_vd0.0_seed43_20260824_025358_781706.json,results/alice_realchannel_run_seed43_20260824_025358_784475.json,toeplitz,0.01
0.01,0.0,0.0,0.0,44,results/bob_realchannel_run_tp0.01_fk0.0_rp0.0_vd0.0_seed44_20260824_025403_018832.json,388,41,1706,68,34,True,0,False,,2.7018182277679443,{},True,,2,results/bob_realchannel_run_tp0.01_fk0.0_rp0.0_vd0.0_seed44_20260824_025403_018832.json,results/alice_realchannel_run_seed44_20260824_025403_021816.json,toeplitz,0.01
0.01,0.0,0.0,0.0,45,results/bob_realchannel_run_tp0.01_fk0.0_rp0.0_vd0.0_seed45_20260824_025407_343282.json,388,41,1706,68,34,True,0,False,,4.621859788894653,{},True,,3,results/bob_realchannel_run_tp0.01_fk0.0_rp0.0_vd0.0_seed45_20260824_025407_343282.json,results/alice_realchannel_run_seed45_20260824_025407_179416.json,toeplitz,0.01
0.01,0.0,0.0,0.0,46,results/bob_realchannel_run_tp0.01_fk0.0_rp0.0_vd0.0_seed46_20260824_025413_465670.json,388,41,1706,68,34,True,0,False,,4.422757387161255,{},True,,4,results/bob_realchannel_run_tp0.01_fk0.0_rp0.0_vd0.0_seed46_20260824_025413_465670.json,results/alice_realchannel_run_seed46_20260824_025413_422657.json,toeplitz,0.01
0.01,0.0,0.0,0.0,47,results/bob_realchannel_run_tp0.01_fk0.0_rp0.0_vd0.0_seed47_20260824_025419_345207.json,388,41,1706,68,34,True,0,False,,2.8042807579040527,{},True,,5,results/bob_realchannel_run_tp0.01_fk0.0_rp0.0_vd0.0_seed47_20260824_025419_345207.json,results/alice_realchannel_run_seed47_20260824_025419_340994.json,toeplitz,0.01
0.01,0.0,0.0,0.0,48,results/bob_realchannel_run_tp0.01_fk0.0_rp0.0_vd0.0_seed48_20260824_025423_605527.json,388,41,1706,68,34,True,0,False,,2.387075662612915,{},True,,6,results/bob_realchannel_run_tp0.01_fk0.0_rp0.0_vd0.0_seed48_20260824_025423_605527.json,results/alice_realchannel_run_seed48_20260824_025423_601070.json,toeplitz,0.01
0.01,0.0,0.0,0.0,49,results/bob_realchannel_run_tp0.01_fk0.0_rp0.0_vd0.0_seed49_20260824_025427_453693.json,388,41,1706,68,34,True,0,False,,2.5749967098236084,{},True,,7,results/bob_realchannel_run_tp0.01_fk0.0_rp0.0_vd0.0_seed49_20260824_025427_453693.json,results/alice_realchannel_run_seed49_20260824_025427_448743.json,toeplitz,0.01
0.01,0.0,0.0,0.0,50,results/bob_realchannel_run_tp0.01_fk0.0_rp0.0_vd0.0_seed50_20260824_025431_518590.json,388,41,1706,68,34,True,0,False,,4.538000822067261,{},True,,8,results/bob_realchannel_run_tp0.01_fk0.0_rp0.0_vd0.0_seed50_20260824_025431_518590.json,results/alice_realchannel_run_seed50_20260824_025431_497854.json,toeplitz,0.01
0.01,0.0,0.0,0.0,51,results/bob_realchannel_run_tp0.01_fk0.0_rp0.0_vd0.0_seed51_20260824_025437_518794.json,388,41,1706,68,34,True,0,False,,4.526332139968872,{},True,,9,results/bob_realchannel_run_tp0.01_fk0.0_rp0.0_vd0.0_seed51_20260824_025437_518794.json,results/alice_realchannel_run_seed51_20260824_025437_475535.json,toeplitz,0.01
0.01,0.0,0.0,0.0,52,results/bob_realchannel_run_tp0.01_fk0.0_rp0.0_vd0.0_seed52_20260824_025443_435060.json,388,41,1706,68,34,True,0,False,,4.57014012336731,{},True,,10,results/bob_realchannel_run_tp0.01_fk0.0_rp0.0_vd0.0_seed52_20260824_025443_435060.json,results/alice_realchannel_run_seed52_20260824_025443_421243.json,toeplitz,0.01
0.01,0.0,0.0,0.0,53,results/bob_realchannel_run_tp0.01_fk0.0_rp0.0_vd0.0_seed53_20260824_025449_435482.json,388,41,1706,68,34,True,0,False,,4.585029125213623,{},True,,11,results/bob_realchannel_run_tp0.01_fk0.0_rp0.0_vd0.0_seed53_20260824_025449_435482.json,results/alice_realchannel_run_seed53_20260824_025449_401665.json,toeplitz,0.01
0.01,0.0,0.0,0.0,54,results/bob_realchannel_run_tp0.01_fk0.0_rp0.0_vd0.0_seed54_20260824_025455_401646.json,388,41,1706,68,34,True,0,False,,4.691113233566284,{},True,,12,results/bob_realchannel_run_tp0.01_fk0.0_rp0.0_vd0.0_seed54_20260824_025455_401646.json,results/alice_realchannel_run_seed54_20260824_025455_379302.json,toeplitz,0.01
0.01,0.0,0.0,0.0,55,results/bob_realchannel_run_tp0.01_fk0.0_rp0.0_vd0.0_seed55_20260824_025501_518187.json,388,41,1706,68,34,True,0,False,,4.486723184585571,{},True,,13,results/bob_realchannel_run_tp0.01_fk0.0_rp0.0_vd0.0_seed55_20260824_025501_518187.json,results/alice_realchannel_run_seed55_20260824_025501_509493.json,toeplitz,0.01
0.01,0.0,0.0,0.0,56,results/bob_realchannel_run_tp0.01_fk0.0_rp0.0_vd0.0_seed56_20260824_025507_439779.json,388,41,1706,68,34,True,0,False,,4.624789714813232,{},True,,14,results/bob_realchannel_run_tp0.01_fk0.0_rp0.0_vd0.0_seed56_20260824_025507_439779.json,results/alice_realchannel_run_seed56_20260824_025507_405598.json,toeplitz,0.01
0.01,0.0,0.0,0.0,57,results/bob_realchannel_run_tp0.01_fk0.0_rp0.0_vd0.0_seed57_20260824_025513_447751.json,388,41,1706,68,34,True,0,False,,2.760789155960083,{},True,,15,results/bob_realchannel_run_tp0.01_fk0.0_rp0.0_vd0.0_seed57_20260824_025513_447751.json,results/alice_realchannel_run_seed57_20260824_025513_454419.json,toeplitz,0.01
0.01,0.0,0.0,0.0,58,results/bob_realchannel_run_tp0.01_fk0.0_rp0.0_vd0.0_seed58_20260824_025517_641342.json,388,41,1706,68,34,True,0,False,,2.6393051147460938,{},True,,16,results/bob_realchannel_run_tp0.01_fk0.0_rp0.0_vd0.0_seed58_20260824_025517_641342.json,results/alice_realchannel_run_seed58_20260824_025517_647647.json,toeplitz,0.01
0.01,0.0,0.0,0.0,59,results/bob_realchannel_run_tp0.01_fk0.0_rp0.0_vd0.0_seed59_20260824_025521_724778.json,388,41,1706,68,34,True,0,False,,4.692014694213867,{},True,,17,results/bob_realchannel_run_tp0.01_fk0.0_rp0.0_vd0.0_seed59_20260824_025521_724778.json,results/alice_realchannel_run_seed59_20260824_025521_699781.json,toeplitz,0.01
0.01,0.0,0.0,0.0,60,results/bob_realchannel_run_tp0.01_fk0.0_rp0.0_vd0.0_seed60_20260824_025527_797534.json,388,41,1706,68,34,True,0,False,,4.699125528335571,{},True,,18,results/bob_realchannel_run_tp0.01_fk0.0_rp0.0_vd0.0_seed60_20260824_025527_797534.json,results/alice_realchannel_run_seed60_20260824_025527_762292.json,toeplitz,0.01
0.01,0.0,0.0,0.0,61,results/bob_realchannel_run_tp0.01_fk0.0_rp0.0_vd0.0_seed61_20260824_025533_881217.json,388,41,1706,68,34,True,0,False,,4.63615870475769,{},True,,19,results/bob_realchannel_run_tp0.01_fk0.0_rp0.0_vd0.0_seed61_20260824_025533_881217.json,results/alice_realchannel_run_seed61_20260824_025533_845258.json,toeplitz,0.01
0.003,0.0,0.0,0.0,42,results/bob_realchannel_run_tp0.003_fk0.0_rp0.0_vd0.0_seed42_20260824_025539_929526.json,388,41,1706,68,34,True,0,False,,4.767258882522583,{},True,,0,results/bob_realchannel_run_tp0.003_fk0.0_rp0.0_vd0.0_seed42_20260824_025539_929526.json,results/alice_realchannel_run_seed42_20260824_025539_861867.json,toeplitz,0.003
0.003,0.0,0.0,0.0,43,results/bob_realchannel_run_tp0.003_fk0.0_rp0.0_vd0.0_seed43_20260824_025546_074388.json,388,41,1706,68,34,True,0,False,,4.330357074737549,{},True,,1,results/bob_realchannel_run_tp0.003_fk0.0_rp0.0_vd0.0_seed43_20260824_025546_074388.json,results/alice_realchannel_run_seed43_20260824_025546_040703.json,toeplitz,0.003
0.003,0.0,0.0,0.0,44,results/bob_realchannel_run_tp0.003_fk0.0_rp0.0_vd0.0_seed44_20260824_025551_779150.json,388,41,1706,68,34,True,0,False,,4.685854196548462,{},True,,2,results/bob_realchannel_run_tp0.003_fk0.0_rp0.0_vd0.0_seed44_20260824_025551_779150.json,results/alice_realchannel_run_seed44_20260824_025551_753385.json,toeplitz,0.003
0.003,0.0,0.0,0.0,45,results/bob_realchannel_run_tp0.003_fk0.0_rp0.0_vd0.0_seed45_20260824_025557_846882.json,388,41,1706,68,34,True,0,False,,4.749816656112671,{},True,,3,results/bob_realchannel_run_tp0.003_fk0.0_rp0.0_vd0.0_seed45_20260824_025557_846882.json,results/alice_realchannel_run_seed45_20260824_025557_810107.json,toeplitz,0.003
0.003,0.0,0.0,0.0,46,results/bob_realchannel_run_tp0.003_fk0.0_rp0.0_vd0.0_seed46_20260824_025603_980813.json,388,41,1706,68,34,True,0,False,,4.448131799697876,{},True,,4,results/bob_realchannel_run_tp0.003_fk0.0_rp0.0_vd0.0_seed46_20260824_025603_980813.json,results/alice_realchannel_run_seed46_20260824_025603_954849.json,toeplitz,0.003
0.003,0.0,0.0,0.0,47,results/bob_realchannel_run_tp0.003_fk0.0_rp0.0_vd0.0_seed47_20260824_025609_835819.json,388,41,1706,68,34,True,0,False,,4.77705454826355,{},True,,5,results/bob_realchannel_run_tp0.003_fk0.0_rp0.0_vd0.0_seed47_20260824_025609_835819.json,results/alice_realchannel_run_seed47_20260824_025609_786929.json,toeplitz,0.003
0.003,0.0,0.0,0.0,48,results/bob_realchannel_run_tp0.003_fk0.0_rp0.0_vd0.0_seed48_20260824_025616_018841.json,388,41,1706,68,34,True,0,False,,4.353708267211914,{},True,,6,results/bob_realchannel_run_tp0.003_fk0.0_rp0.0_vd0.0_seed48_20260824_025616_018841.json,results/alice_realchannel_run_seed48_20260824_025615_962492.json,toeplitz,0.003
0.003,0.0,0.0,0.0,49,results/bob_realchannel_run_tp0.003_fk0.0_rp0.0_vd0.0_seed49_20260824_025621_755410.json,388,41,1706,68,34,True,0,False,,2.5935773849487305,{},True,,7,results/bob_realchannel_run_tp0.003_fk0.0_rp0.0_vd0.0_seed49_20260824_025621_755410.json,results/alice_realchannel_run_seed49_20260824_025621_764837.json,toeplitz,0.003
0.003,0.0,0.0,0.0,50,results/bob_realchannel_run_tp0.003_fk0.0_rp0.0_vd0.0_seed50_20260824_025625_823287.json,388,41,1706,68,34,True,0,False,,4.517634391784668,{},True,,8,results/bob_realchannel_run_tp0.003_fk0.0_rp0.0_vd0.0_seed50_20260824_025625_823287.json,results/alice_realchannel_run_seed50_20260824_025625_781526.json,toeplitz,0.003
0.003,0.0,0.0,0.0,51,results/bob_realchannel_run_tp0.003_fk0.0_rp0.0_vd0.0_seed51_20260824_025631_734602.json,388,41,1706,68,34,True,0,False,,4.546004772186279,{},True,,9,results/bob_realchannel_run_tp0.003_fk0.0_rp0.0_vd0.0_seed51_20260824_025631_734602.json,results/alice_realchannel_run_seed51_20260824_025631_704833.json,toeplitz,0.003
0.003,0.0,0.0,0.0,52,results/bob_realchannel_run_tp0.003_fk0.0_rp0.0_vd0.0_seed52_20260824_025637_666077.json,388,41,1706,68,34,True,0,False,,4.5597546100616455,{},True,,10,results/bob_realchannel_run_tp0.003_fk0.0_rp0.0_vd0.0_seed52_20260824_025637_666077.json,results/alice_realchannel_run_seed52_20260824_025637_634655.json,toeplitz,0.003
0.003,0.0,0.0,0.0,53,results/bob_realchannel_run_tp0.003_fk0.0_rp0.0_vd0.0_seed53_20260824_025643_723985.json,388,41,1706,68,34,True,0,False,,4.596912860870361,{},True,,11,results/bob_realchannel_run_tp0.003_fk0.0_rp0.0_vd0.0_seed53_20260824_025643_723985.json,results/alice_realchannel_run_seed53_20260824_025643_698988.json,toeplitz,0.003
0.003,0.0,0.0,0.0,54,results/bob_realchannel_run_tp0.003_fk0.0_rp0.0_vd0.0_seed54_20260824_025649_797553.json,388,41,1706,68,34,True,0,False,,2.696281671524048,{},True,,12,results/bob_realchannel_run_tp0.003_fk0.0_rp0.0_vd0.0_seed54_20260824_025649_797553.json,results/alice_realchannel_run_seed54_20260824_025649_794785.json,toeplitz,0.003
0.003,0.0,0.0,0.0,55,results/bob_realchannel_run_tp0.003_fk0.0_rp0.0_vd0.0_seed55_20260824_025653_912042.json,388,41,1706,68,34,True,0,False,,4.460972785949707,{},True,,13,results/bob_realchannel_run_tp0.003_fk0.0_rp0.0_vd0.0_seed55_20260824_025653_912042.json,results/alice_realchannel_run_seed55_20260824_025653_880339.json,toeplitz,0.003
0.003,0.0,0.0,0.0,56,results/bob_realchannel_run_tp0.003_fk0.0_rp0.0_vd0.0_seed56_20260824_025659_752161.json,388,41,1706,68,34,True,0,False,,4.6327149868011475,{},True,,14,results/bob_realchannel_run_tp0.003_fk0.0_rp0.0_vd0.0_seed56_20260824_025659_752161.json,results/alice_realchannel_run_seed56_20260824_025659_719970.json,toeplitz,0.003
0.003,0.0,0.0,0.0,57,results/bob_realchannel_run_tp0.003_fk0.0_rp0.0_vd0.0_seed57_20260824_025705_806722.json,388,41,1706,68,34,True,0,False,,4.738103866577148,{},True,,15,results/bob_realchannel_run_tp0.003_fk0.0_rp0.0_vd0.0_seed57_20260824_025705_806722.json,results/alice_realchannel_run_seed57_20260824_025705_772634.json,toeplitz,0.003
0.003,0.0,0.0,0.0,58,results/bob_realchannel_run_tp0.003_fk0.0_rp0.0_vd0.0_seed58_20260824_025711_953460.json,388,41,1706,68,34,True,0,False,,4.600045680999756,{},True,,16,results/bob_realchannel_run_tp0.003_fk0.0_rp0.0_vd0.0_seed58_20260824_025711_953460.json,results/alice_realchannel_run_seed58_20260824_025711_906648.json,toeplitz,0.003
0.003,0.0,0.0,0.0,59,results/bob_realchannel_run_tp0.003_fk0.0_rp0.0_vd0.0_seed59_20260824_025717_945012.json,388,41,1706,68,34,True,0,False,,4.903757333755493,{},True,,17,results/bob_realchannel_run_tp0.003_fk0.0_rp0.0_vd0.0_seed59_20260824_025717_945012.json,results/alice_realchannel_run_seed59_20260824_025717_903635.json,toeplitz,0.003
0.003,0.0,0.0,0.0,60,results/bob_realchannel_run_tp0.003_fk0.0_rp0.0_vd0.0_seed60_20260824_025724_254128.json,388,41,1706,68,34,True,0,False,,2.727351665496826,{},True,,18,results/bob_realchannel_run_tp0.003_fk0.0_rp0.0_vd0.0_seed60_20260824_025724_254128.json,results/alice_realchannel_run_seed60_20260824_025724_263018.json,toeplitz,0.003
0.003,0.0,0.0,0.0,61,results/bob_realchannel_run_tp0.003_fk0.0_rp0.0_vd0.0_seed61_20260824_025728_479567.json,388,41,1706,68,34,True,0,False,,4.649355888366699,{},True,,19,results/bob_realchannel_run_tp0.003_fk0.0_rp0.0_vd0.0_seed61_20260824_025728_479567.json,results/alice_realchannel_run_seed61_20260824_025728_457352.json,toeplitz,0.003
0.001,0.0,0.0,0.0,42,results/bob_realchannel_run_tp0.001_fk0.0_rp0.0_vd0.0_seed42_20260824_025734_525013.json,388,41,1706,68,34,True,0,False,,4.79578709602356,{},True,,0,results/bob_realchannel_run_tp0.001_fk0.0_rp0.0_vd0.0_seed42_20260824_025734_525013.json,results/alice_realchannel_run_seed42_20260824_025734_490427.json,toeplitz,0.001
0.001,0.0,0.0,0.0,43,results/bob_realchannel_run_tp0.001_fk0.0_rp0.0_vd0.0_seed43_20260824_025740_731903.json,388,41,1706,68,34,True,0,False,,4.76903510093689,{},True,,1,results/bob_realchannel_run_tp0.001_fk0.0_rp0.0_vd0.0_seed43_20260824_025740_731903.json,results/alice_realchannel_run_seed43_20260824_025740_686465.json,toeplitz,0.001
0.001,0.0,0.0,0.0,44,results/bob_realchannel_run_tp0.001_fk0.0_rp0.0_vd0.0_seed44_20260824_025746_909138.json,388,41,1706,68,34,True,0,False,,4.687546014785767,{},True,,2,results/bob_realchannel_run_tp0.001_fk0.0_rp0.0_vd0.0_seed44_20260824_025746_909138.json,results/alice_realchannel_run_seed44_20260824_025746_885250.json,toeplitz,0.001
0.001,0.0,0.0,0.0,45,results/bob_realchannel_run_tp0.001_fk0.0_rp0.0_vd0.0_seed45_20260824_025753_177059.json,388,41,1706,68,34,True,0,False,,4.10816764831543,{},True,,3,results/bob_realchannel_run_tp0.001_fk0.0_rp0.0_vd0.0_seed45_20260824_025753_177059.json,results/alice_realchannel_run_seed45_20260824_025752_956853.json,toeplitz,0.001
0.001,0.0,0.0,0.0,46,results/bob_realchannel_run_tp0.001_fk0.0_rp0.0_vd0.0_seed46_20260824_025758_727347.json,388,41,1706,68,34,True,0,False,,3.9699509143829346,{},True,,4,results/bob_realchannel_run_tp0.001_fk0.0_rp0.0_vd0.0_seed46_20260824_025758_727347.json,results/alice_realchannel_run_seed46_20260824_025758_675172.json,toeplitz,0.001
0.001,0.0,0.0,0.0,47,results/bob_realchannel_run_tp0.001_fk0.0_rp0.0_vd0.0_seed47_20260824_025804_090990.json,388,41,1706,68,34,True,0,False,,3.434340476989746,{},True,,5,results/bob_realchannel_run_tp0.001_fk0.0_rp0.0_vd0.0_seed47_20260824_025804_090990.json,results/alice_realchannel_run_seed47_20260824_025804_055554.json,toeplitz,0.001
0.001,0.0,0.0,0.0,48,results/bob_realchannel_run_tp0.001_fk0.0_rp0.0_vd0.0_seed48_20260824_025808_917757.json,388,41,1706,68,34,True,0,False,,4.375276565551758,{},True,,6,results/bob_realchannel_run_tp0.001_fk0.0_rp0.0_vd0.0_seed48_20260824_025808_917757.json,results/alice_realchannel_run_seed48_20260824_025808_881593.json,toeplitz,0.001
0.001,0.0,0.0,0.0,49,results/bob_realchannel_run_tp0.001_fk0.0_rp0.0_vd0.0_seed49_20260824_025814_685637.json,388,41,1706,68,34,True,0,False,,4.567731618881226,{},True,,7,results/bob_realchannel_run_tp0.001_fk0.0_rp0.0_vd0.0_seed49_20260824_025814_685637.json,results/alice_realchannel_run_seed49_20260824_025814_658433.json,toeplitz,0.001
0.001,0.0,0.0,0.0,50,results/bob_realchannel_run_tp0.001_fk0.0_rp0.0_vd0.0_seed50_20260824_025820_665755.json,388,41,1706,68,34,True,0,False,,4.522877216339111,{},True,,8,results/bob_realchannel_run_tp0.001_fk0.0_rp0.0_vd0.0_seed50_20260824_025820_665755.json,results/alice_realchannel_run_seed50_20260824_025820_628538.json,toeplitz,0.001
0.001,0.0,0.0,0.0,51,results/bob_realchannel_run_tp0.001_fk0.0_rp0.0_vd0.0_seed51_20260824_025826_581168.json,388,41,1706,68,34,True,0,False,,2.567678451538086,{},True,,9,results/bob_realchannel_run_tp0.001_fk0.0_rp0.0_vd0.0_seed51_20260824_025826_581168.json,results/alice_realchannel_run_seed51_20260824_025826_589582.json,toeplitz,0.001
0.001,0.0,0.0,0.0,52,results/bob_realchannel_run_tp0.001_fk0.0_rp0.0_vd0.0_seed52_20260824_025830_632172.json,388,41,1706,68,34,True,0,False,,4.54870080947876,{},True,,10,results/bob_realchannel_run_tp0.001_fk0.0_rp0.0_vd0.0_seed52_20260824_025830_632172.json,results/alice_realchannel_run_seed52_20260824_025830_590762.json,toeplitz,0.001
0.001,0.0,0.0,0.0,53,results/bob_realchannel_run_tp0.001_fk0.0_rp0.0_vd0.0_seed53_20260824_025836_568916.json,388,41,1706,68,34,True,0,False,,4.6080641746521,{},True,,11,results/bob_realchannel_run_tp0.001_fk0.0_rp0.0_vd0.0_seed53_20260824_025836_568916.json,results/alice_realchannel_run_seed53_20260824_025836_553784.json,toeplitz,0.001
0.001,0.0,0.0,0.0,54,results/bob_realchannel_run_tp0.001_fk0.0_rp0.0_vd0.0_seed54_20260824_025842_584895.json,388,41,1706,68,34,True,0,False,,4.672338962554932,{},True,,12,results/bob_realchannel_run_tp0.001_fk0.0_rp0.0_vd0.0_seed54_20260824_025842_584895.json,results/alice_realchannel_run_seed54_20260824_025842_542817.json,toeplitz,0.001
0.001,0.0,0.0,0.0,55,results/bob_realchannel_run_tp0.001_fk0.0_rp0.0_vd0.0_seed55_20260824_025848_632636.json,388,41,1706,68,34,True,0,False,,4.464415073394775,{},True,,13,results/bob_realchannel_run_tp0.001_fk0.0_rp0.0_vd0.0_seed55_20260824_025848_632636.json,results/alice_realchannel_run_seed55_20260824_025848_594829.json,toeplitz,0.001
0.001,0.0,0.0,0.0,56,results/bob_realchannel_run_tp0.001_fk0.0_rp0.0_vd0.0_seed56_20260824_025854_490603.json,388,41,1706,68,34,True,0,False,,2.666693925857544,{},True,,14,results/bob_realchannel_run_tp0.001_fk0.0_rp0.0_vd0.0_seed56_20260824_025854_490603.json,results/alice_realchannel_run_seed56_20260824_025854_510796.json,toeplitz,0.001
0.001,0.0,0.0,0.0,57,results/bob_realchannel_run_tp0.001_fk0.0_rp0.0_vd0.0_seed57_20260824_025858_644018.json,388,41,1706,68,34,True,0,False,,2.3087258338928223,{},True,,15,results/bob_realchannel_run_tp0.001_fk0.0_rp0.0_vd0.0_seed57_20260824_025858_644018.json,results/alice_realchannel_run_seed57_20260824_025858_644592.json,toeplitz,0.001
0.001,0.0,0.0,0.0,58,results/bob_realchannel_run_tp0.001_fk0.0_rp0.0_vd0.0_seed58_20260824_025902_410740.json,388,41,1706,68,34,True,0,False,,4.614490747451782,{},True,,16,results/bob_realchannel_run_tp0.001_fk0.0_rp0.0_vd0.0_seed58_20260824_025902_410740.json,results/alice_realchannel_run_seed58_20260824_025902_383048.json,toeplitz,0.001
0.001,0.0,0.0,0.0,59,results/bob_realchannel_run_tp0.001_fk0.0_rp0.0_vd0.0_seed59_20260824_025908_441814.json,388,41,1706,68,34,True,0,False,,4.87513542175293,{},True,,17,results/bob_realchannel_run_tp0.001_fk0.0_rp0.0_vd0.0_seed59_20260824_025908_441814.json,results/alice_realchannel_run_seed59_20260824_025908_381238.json,toeplitz,0.001
0.001,0.0,0.0,0.0,60,results/bob_realchannel_run_tp0.001_fk0.0_rp0.0_vd0.0_seed60_20260824_025914_701649.json,388,41,1706,68,34,True,0,False,,4.707016468048096,{},True,,18,results/bob_realchannel_run_tp0.001_fk0.0_rp0.0_vd0.0_seed60_20260824_025914_701649.json,results/alice_realchannel_run_seed60_20260824_025914_677702.json,toeplitz,0.001
0.001,0.0,0.0,0.0,61,results/bob_realchannel_run_tp0.001_fk0.0_rp0.0_vd0.0_seed61_20260824_025920_836514.json,388,41,1706,68,34,True,0,False,,4.596209764480591,{},True,,19,results/bob_realchannel_run_tp0.001_fk0.0_rp0.0_vd0.0_seed61_20260824_025920_836514.json,results/alice_realchannel_run_seed61_20260824_025920_765209.json,toeplitz,0.001
