toeplitz_prob,hash_prob,reconciliation_prob,seed,output_path,total_corrections,secure_key_length,remaining_errors_after_reconciliation,non_convergent,error,elapsed_seconds,faults_fired,keys_match,run,bob_output_path,alice_output_path,fault_type,prob
0.0,0.5,0.0,42,results/bob_realchannel_run_tp0.0_hp0.5_rp0.0_seed42_20260822_010219_470231.json,44,1900,0,False,,55.28400182723999,{},True,0,results/bob_realchannel_run_tp0.0_hp0.5_rp0.0_seed42_20260822_010219_470231.json,results/alice_realchannel_run_seed42_20260822_010219_284738.json,hash,0.5
0.0,0.5,0.0,43,results/bob_realchannel_run_tp0.0_hp0.5_rp0.0_seed43_20260822_010315_894169.json,44,1900,0,False,,52.34205150604248,{'hash_output': 1},False,1,results/bob_realchannel_run_tp0.0_hp0.5_rp0.0_seed43_20260822_010315_894169.json,results/alice_realchannel_run_seed43_20260822_010315_815191.json,hash,0.5
0.0,0.5,0.0,44,results/bob_realchannel_run_tp0.0_hp0.5_rp0.0_seed44_20260822_010409_378084.json,44,1900,0,False,,50.320074796676636,{},True,2,results/bob_realchannel_run_tp0.0_hp0.5_rp0.0_seed44_20260822_010409_378084.json,results/alice_realchannel_run_seed44_20260822_010409_283251.json,hash,0.5
0.0,0.5,0.0,45,results/bob_realchannel_run_tp0.0_hp0.5_rp0.0_seed45_20260822_010500_842869.json,44,1900,0,False,,53.73943018913269,{'hash_output': 1},False,3,results/bob_realchannel_run_tp0.0_hp0.5_rp0.0_seed45_20260822_010500_842869.json,results/alice_realchannel_run_seed45_20260822_010500_747588.json,hash,0.5
0.0,0.5,0.0,46,results/bob_realchannel_run_tp0.0_hp0.5_rp0.0_seed46_20260822_010555_750019.json,44,1900,0,False,,52.30331301689148,{},True,4,results/bob_realchannel_run_tp0.0_hp0.5_rp0.0_seed46_20260822_010555_750019.json,results/alice_realchannel_run_seed46_20260822_010555_641629.json,hash,0.5
0.0,0.5,0.0,47,results/bob_realchannel_run_tp0.0_hp0.5_rp0.0_seed47_20260822_010649_226300.json,44,1900,0,False,,52.956329584121704,{},True,5,results/bob_realchannel_run_tp0.0_hp0.5_rp0.0_seed47_20260822_010649_226300.json,results/alice_realchannel_run_seed47_20260822_010649_128052.json,hash,0.5
0.0,0.5,0.0,48,results/bob_realchannel_run_tp0.0_hp0.5_rp0.0_seed48_20260822_010743_346844.json,44,1900,0,False,,52.424224615097046,{'hash_output': 1},False,6,results/bob_realchannel_run_tp0.0_hp0.5_rp0.0_seed48_20260822_010743_346844.json,results/alice_realchannel_run_seed48_20260822_010743_254958.json,hash,0.5
0.0,0.5,0.0,49,results/bob_realchannel_run_tp0.0_hp0.5_rp0.0_seed49_20260822_010836_935670.json,44,1900,0,False,,54.2533962726593,{},True,7,results/bob_realchannel_run_tp0.0_hp0.5_rp0.0_seed49_20260822_010836_935670.json,results/alice_realchannel_run_seed49_20260822_010836_832076.json,hash,0.5
0.0,0.5,0.0,50,results/bob_realchannel_run_tp0.0_hp0.5_rp0.0_seed50_20260822_010932_363892.json,44,1900,0,False,,55.57628870010376,{'hash_output': 1},False,8,results/bob_realchannel_run_tp0.0_hp0.5_rp0.0_seed50_20260822_010932_363892.json,results/alice_realchannel_run_seed50_20260822_010932_259927.json,hash,0.5
0.0,0.5,0.0,51,results/bob_realchannel_run_tp0.0_hp0.5_rp0.0_seed51_20260822_011029_109962.json,44,1900,0,False,,52.23582696914673,{},True,9,results/bob_realchannel_run_tp0.0_hp0.5_rp0.0_seed51_20260822_011029_109962.json,results/alice_realchannel_run_seed51_20260822_011029_017778.json,hash,0.5
0.0,0.5,0.0,52,results/bob_realchannel_run_tp0.0_hp0.5_rp0.0_seed52_20260822_011122_542473.json,44,1900,0,False,,52.925941705703735,{},True,10,results/bob_realchannel_run_tp0.0_hp0.5_rp0.0_seed52_20260822_011122_542473.json,results/alice_realchannel_run_seed52_20260822_011122_421816.json,hash,0.5
0.0,0.5,0.0,53,results/bob_realchannel_run_tp0.0_hp0.5_rp0.0_seed53_20260822_011216_633377.json,44,1900,0,False,,51.505223989486694,{},True,11,results/bob_realchannel_run_tp0.0_hp0.5_rp0.0_seed53_20260822_011216_633377.json,results/alice_realchannel_run_seed53_20260822_011216_526952.json,hash,0.5
0.0,0.5,0.0,54,results/bob_realchannel_run_tp0.0_hp0.5_rp0.0_seed54_20260822_011309_297796.json,44,1900,0,False,,52.211058378219604,{'hash_output': 1},False,12,results/bob_realchannel_run_tp0.0_hp0.5_rp0.0_seed54_20260822_011309_297796.json,results/alice_realchannel_run_seed54_20260822_011309_197943.json,hash,0.5
0.0,0.5,0.0,55,results/bob_realchannel_run_tp0.0_hp0.5_rp0.0_seed55_20260822_011402_669656.json,44,1900,0,False,,53.868979930877686,{'hash_output': 1},False,13,results/bob_realchannel_run_tp0.0_hp0.5_rp0.0_seed55_20260822_011402_669656.json,results/alice_realchannel_run_seed55_20260822_011402_569885.json,hash,0.5
0.0,0.5,0.0,56,results/bob_realchannel_run_tp0.0_hp0.5_rp0.0_seed56_20260822_011457_781919.json,44,1900,0,False,,51.544320583343506,{},True,14,results/bob_realchannel_run_tp0.0_hp0.5_rp0.0_seed56_20260822_011457_781919.json,results/alice_realchannel_run_seed56_20260822_011457_680807.json,hash,0.5
0.0,0.5,0.0,57,results/bob_realchannel_run_tp0.0_hp0.5_rp0.0_seed57_20260822_011550_493482.json,44,1900,0,False,,54.303693532943726,{},True,15,results/bob_realchannel_run_tp0.0_hp0.5_rp0.0_seed57_20260822_011550_493482.json,results/alice_realchannel_run_seed57_20260822_011550_386531.json,hash,0.5
0.0,0.5,0.0,58,results/bob_realchannel_run_tp0.0_hp0.5_rp0.0_seed58_20260822_011646_024580.json,44,1900,0,False,,55.11915707588196,{},True,16,results/bob_realchannel_run_tp0.0_hp0.5_rp0.0_seed58_20260822_011646_024580.json,results/alice_realchannel_run_seed58_20260822_011645_907725.json,hash,0.5
0.0,0.5,0.0,59,results/bob_realchannel_run_tp0.0_hp0.5_rp0.0_seed59_20260822_011742_375762.json,44,1900,0,False,,52.74875259399414,{},True,17,results/bob_realchannel_run_tp0.0_hp0.5_rp0.0_seed59_20260822_011742_375762.json,results/alice_realchannel_run_seed59_20260822_011742_248305.json,hash,0.5
0.0,0.5,0.0,60,results/bob_realchannel_run_tp0.0_hp0.5_rp0.0_seed60_20260822_011836_294657.json,44,1900,0,False,,50.24575972557068,{'hash_output': 1},False,18,results/bob_realchannel_run_tp0.0_hp0.5_rp0.0_seed60_20260822_011836_294657.json,results/alice_realchannel_run_seed60_20260822_011836_189169.json,hash,0.5
0.0,0.5,0.0,61,results/bob_realchannel_run_tp0.0_hp0.5_rp0.0_seed61_20260822_011927_701758.json,44,1900,0,False,,53.436649560928345,{'hash_output': 1},False,19,results/bob_realchannel_run_tp0.0_hp0.5_rp0.0_seed61_20260822_011927_701758.json,results/alice_realchannel_run_seed61_20260822_011927_603682.json,hash,0.5
0.0,0.3,0.0,42,results/bob_realchannel_run_tp0.0_hp0.3_rp0.0_seed42_20260822_012022_414329.json,44,1900,0,False,,52.526556730270386,{},True,0,results/bob_realchannel_run_tp0.0_hp0.3_rp0.0_seed42_20260822_012022_414329.json,results/alice_realchannel_run_seed42_20260822_012022_237113.json,hash,0.3
0.0,0.3,0.0,43,results/bob_realchannel_run_tp0.0_hp0.3_rp0.0_seed43_20260822_012116_255232.json,44,1900,0,False,,52.75003433227539,{'hash_output': 1},False,1,results/bob_realchannel_run_tp0.0_hp0.3_rp0.0_seed43_20260822_012116_255232.json,results/alice_realchannel_run_seed43_20260822_012116_122859.json,hash,0.3
0.0,0.3,0.0,44,results/bob_realchannel_run_tp0.0_hp0.3_rp0.0_seed44_20260822_012210_166523.json,44,1900,0,False,,54.1471209526062,{},True,2,results/bob_realchannel_run_tp0.0_hp0.3_rp0.0_seed44_20260822_012210_166523.json,results/alice_realchannel_run_seed44_20260822_012210_063055.json,hash,0.3
0.0,0.3,0.0,45,results/bob_realchannel_run_tp0.0_hp0.3_rp0.0_seed45_20260822_012305_473115.json,44,1900,0,False,,53.145427227020264,{'hash_output': 1},False,3,results/bob_realchannel_run_tp0.0_hp0.3_rp0.0_seed45_20260822_012305_473115.json,results/alice_realchannel_run_seed45_20260822_012305_388557.json,hash,0.3
0.0,0.3,0.0,46,results/bob_realchannel_run_tp0.0_hp0.3_rp0.0_seed46_20260822_012359_776132.json,44,1900,0,False,,54.341434478759766,{},True,4,results/bob_realchannel_run_tp0.0_hp0.3_rp0.0_seed46_20260822_012359_776132.json,results/alice_realchannel_run_seed46_20260822_012359_667504.json,hash,0.3
0.0,0.3,0.0,47,results/bob_realchannel_run_tp0.0_hp0.3_rp0.0_seed47_20260822_012455_283003.json,44,1900,0,False,,55.11472535133362,{},True,5,results/bob_realchannel_run_tp0.0_hp0.3_rp0.0_seed47_20260822_012455_283003.json,results/alice_realchannel_run_seed47_20260822_012455_192313.json,hash,0.3
0.0,0.3,0.0,48,results/bob_realchannel_run_tp0.0_hp0.3_rp0.0_seed48_20260822_012551_538501.json,44,1900,0,False,,56.711798906326294,{},True,6,results/bob_realchannel_run_tp0.0_hp0.3_rp0.0_seed48_20260822_012551_538501.json,results/alice_realchannel_run_seed48_20260822_012551_447143.json,hash,0.3
0.0,0.3,0.0,49,results/bob_realchannel_run_tp0.0_hp0.3_rp0.0_seed49_20260822_012649_378328.json,44,1900,0,False,,54.820762395858765,{},True,7,results/bob_realchannel_run_tp0.0_hp0.3_rp0.0_seed49_20260822_012649_378328.json,results/alice_realchannel_run_seed49_20260822_012649_305232.json,hash,0.3
0.0,0.3,0.0,50,results/bob_realchannel_run_tp0.0_hp0.3_rp0.0_seed50_20260822_012745_334969.json,44,1900,0,False,,53.00548195838928,{},True,8,results/bob_realchannel_run_tp0.0_hp0.3_rp0.0_seed50_20260822_012745_334969.json,results/alice_realchannel_run_seed50_20260822_012745_237178.json,hash,0.3
0.0,0.3,0.0,51,results/bob_realchannel_run_tp0.0_hp0.3_rp0.0_seed51_20260822_012839_479184.json,44,1900,0,False,,53.740665674209595,{},True,9,results/bob_realchannel_run_tp0.0_hp0.3_rp0.0_seed51_20260822_012839_479184.json,results/alice_realchannel_run_seed51_20260822_012839_379365.json,hash,0.3
0.0,0.3,0.0,52,results/bob_realchannel_run_tp0.0_hp0.3_rp0.0_seed52_20260822_012934_348044.json,44,1900,0,False,,53.734539270401,{},True,10,results/bob_realchannel_run_tp0.0_hp0.3_rp0.0_seed52_20260822_012934_348044.json,results/alice_realchannel_run_seed52_20260822_012934_255398.json,hash,0.3
0.0,0.3,0.0,53,results/bob_realchannel_run_tp0.0_hp0.3_rp0.0_seed53_20260822_013029_220271.json,44,1900,0,False,,55.56795263290405,{},True,11,results/bob_realchannel_run_tp0.0_hp0.3_rp0.0_seed53_20260822_013029_220271.json,results/alice_realchannel_run_seed53_20260822_013029_145757.json,hash,0.3
0.0,0.3,0.0,54,results/bob_realchannel_run_tp0.0_hp0.3_rp0.0_seed54_20260822_013125_920802.json,44,1900,0,False,,53.554163217544556,{},True,12,results/bob_realchannel_run_tp0.0_hp0.3_rp0.0_seed54_20260822_013125_920802.json,results/alice_realchannel_run_seed54_20260822_013125_833464.json,hash,0.3
0.0,0.3,0.0,55,results/bob_realchannel_run_tp0.0_hp0.3_rp0.0_seed55_20260822_013220_604902.json,44,1900,0,False,,54.73943877220154,{'hash_output': 1},False,13,results/bob_realchannel_run_tp0.0_hp0.3_rp0.0_seed55_20260822_013220_604902.json,results/alice_realchannel_run_seed55_20260822_013220_506847.json,hash,0.3
0.0,0.3,0.0,56,results/bob_realchannel_run_tp0.0_hp0.3_rp0.0_seed56_20260822_013316_475696.json,44,1900,0,False,,55.25053429603577,{},True,14,results/bob_realchannel_run_tp0.0_hp0.3_rp0.0_seed56_20260822_013316_475696.json,results/alice_realchannel_run_seed56_20260822_013316_389172.json,hash,0.3
0.0,0.3,0.0,57,results/bob_realchannel_run_tp0.0_hp0.3_rp0.0_seed57_20260822_013412_859631.json,44,1900,0,False,,54.490097761154175,{},True,15,results/bob_realchannel_run_tp0.0_hp0.3_rp0.0_seed57_20260822_013412_859631.json,results/alice_realchannel_run_seed57_20260822_013412_849106.json,hash,0.3
0.0,0.3,0.0,58,results/bob_realchannel_run_tp0.0_hp0.3_rp0.0_seed58_20260822_013508_481924.json,44,1900,0,False,,53.05673313140869,{},True,16,results/bob_realchannel_run_tp0.0_hp0.3_rp0.0_seed58_20260822_013508_481924.json,results/alice_realchannel_run_seed58_20260822_013508_385015.json,hash,0.3
0.0,0.3,0.0,59,results/bob_realchannel_run_tp0.0_hp0.3_rp0.0_seed59_20260822_013602_677821.json,44,1900,0,False,,54.338088274002075,{},True,17,results/bob_realchannel_run_tp0.0_hp0.3_rp0.0_seed59_20260822_013602_677821.json,results/alice_realchannel_run_seed59_20260822_013602_604973.json,hash,0.3
0.0,0.3,0.0,60,results/bob_realchannel_run_tp0.0_hp0.3_rp0.0_seed60_20260822_013658_157508.json,44,1900,0,False,,50.52339458465576,{'hash_output': 1},False,18,results/bob_realchannel_run_tp0.0_hp0.3_rp0.0_seed60_20260822_013658_157508.json,results/alice_realchannel_run_seed60_20260822_013658_057494.json,hash,0.3
0.0,0.3,0.0,61,results/bob_realchannel_run_tp0.0_hp0.3_rp0.0_seed61_20260822_013749_826892.json,44,1900,0,False,,52.8131217956543,{'hash_output': 1},False,19,results/bob_realchannel_run_tp0.0_hp0.3_rp0.0_seed61_20260822_013749_826892.json,results/alice_realchannel_run_seed61_20260822_013749_717149.json,hash,0.3
0.0,0.1,0.0,42,results/bob_realchannel_run_tp0.0_hp0.1_rp0.0_seed42_20260822_013843_786778.json,44,1900,0,False,,52.280558824539185,{},True,0,results/bob_realchannel_run_tp0.0_hp0.1_rp0.0_seed42_20260822_013843_786778.json,results/alice_realchannel_run_seed42_20260822_013843_684060.json,hash,0.1
0.0,0.1,0.0,43,results/bob_realchannel_run_tp0.0_hp0.1_rp0.0_seed43_20260822_013937_208679.json,44,1900,0,False,,54.67499828338623,{'hash_output': 1},False,1,results/bob_realchannel_run_tp0.0_hp0.1_rp0.0_seed43_20260822_013937_208679.json,results/alice_realchannel_run_seed43_20260822_013937_127662.json,hash,0.1
0.0,0.1,0.0,44,results/bob_realchannel_run_tp0.0_hp0.1_rp0.0_seed44_20260822_014033_019480.json,44,1900,0,False,,50.77509522438049,{},True,2,results/bob_realchannel_run_tp0.0_hp0.1_rp0.0_seed44_20260822_014033_019480.json,results/alice_realchannel_run_seed44_20260822_014032_928124.json,hash,0.1
0.0,0.1,0.0,45,results/bob_realchannel_run_tp0.0_hp0.1_rp0.0_seed45_20260822_014124_937292.json,44,1900,0,False,,55.42478632926941,{'hash_output': 1},False,3,results/bob_realchannel_run_tp0.0_hp0.1_rp0.0_seed45_20260822_014124_937292.json,results/alice_realchannel_run_seed45_20260822_014124_867894.json,hash,0.1
0.0,0.1,0.0,46,results/bob_realchannel_run_tp0.0_hp0.1_rp0.0_seed46_20260822_014221_557874.json,44,1900,0,False,,52.942524671554565,{},True,4,results/bob_realchannel_run_tp0.0_hp0.1_rp0.0_seed46_20260822_014221_557874.json,results/alice_realchannel_run_seed46_20260822_014221_417218.json,hash,0.1
0.0,0.1,0.0,47,results/bob_realchannel_run_tp0.0_hp0.1_rp0.0_seed47_20260822_014315_653963.json,44,1900,0,False,,53.50185751914978,{},True,5,results/bob_realchannel_run_tp0.0_hp0.1_rp0.0_seed47_20260822_014315_653963.json,results/alice_realchannel_run_seed47_20260822_014315_554604.json,hash,0.1
0.0,0.1,0.0,48,results/bob_realchannel_run_tp0.0_hp0.1_rp0.0_seed48_20260822_014410_292898.json,44,1900,0,False,,54.77882170677185,{},True,6,results/bob_realchannel_run_tp0.0_hp0.1_rp0.0_seed48_20260822_014410_292898.json,results/alice_realchannel_run_seed48_20260822_014410_197749.json,hash,0.1
0.0,0.1,0.0,49,results/bob_realchannel_run_tp0.0_hp0.1_rp0.0_seed49_20260822_014506_208606.json,44,1900,0,False,,52.83392810821533,{},True,7,results/bob_realchannel_run_tp0.0_hp0.1_rp0.0_seed49_20260822_014506_208606.json,results/alice_realchannel_run_seed49_20260822_014506_098089.json,hash,0.1
0.0,0.1,0.0,50,results/bob_realchannel_run_tp0.0_hp0.1_rp0.0_seed50_20260822_014600_178648.json,44,1900,0,False,,55.659138917922974,{},True,8,results/bob_realchannel_run_tp0.0_hp0.1_rp0.0_seed50_20260822_014600_178648.json,results/alice_realchannel_run_seed50_20260822_014600_075733.json,hash,0.1
0.0,0.1,0.0,51,results/bob_realchannel_run_tp0.0_hp0.1_rp0.0_seed51_20260822_014656_978040.json,44,1900,0,False,,53.56237292289734,{},True,9,results/bob_realchannel_run_tp0.0_hp0.1_rp0.0_seed51_20260822_014656_978040.json,results/alice_realchannel_run_seed51_20260822_014656_886664.json,hash,0.1
0.0,0.1,0.0,52,results/bob_realchannel_run_tp0.0_hp0.1_rp0.0_seed52_20260822_014751_672635.json,44,1900,0,False,,52.07907152175903,{},True,10,results/bob_realchannel_run_tp0.0_hp0.1_rp0.0_seed52_20260822_014751_672635.json,results/alice_realchannel_run_seed52_20260822_014751_582984.json,hash,0.1
0.0,0.1,0.0,53,results/bob_realchannel_run_tp0.0_hp0.1_rp0.0_seed53_20260822_014844_944813.json,44,1900,0,False,,51.05663251876831,{},True,11,results/bob_realchannel_run_tp0.0_hp0.1_rp0.0_seed53_20260822_014844_944813.json,results/alice_realchannel_run_seed53_20260822_014844_803533.json,hash,0.1
0.0,0.1,0.0,54,results/bob_realchannel_run_tp0.0_hp0.1_rp0.0_seed54_20260822_014937_197778.json,44,1900,0,False,,52.785284757614136,{},True,12,results/bob_realchannel_run_tp0.0_hp0.1_rp0.0_seed54_20260822_014937_197778.json,results/alice_realchannel_run_seed54_20260822_014937_060917.json,hash,0.1
0.0,0.1,0.0,55,results/bob_realchannel_run_tp0.0_hp0.1_rp0.0_seed55_20260822_015031_175743.json,44,1900,0,False,,54.540372133255005,{},True,13,results/bob_realchannel_run_tp0.0_hp0.1_rp0.0_seed55_20260822_015031_175743.json,results/alice_realchannel_run_seed55_20260822_015031_030692.json,hash,0.1
0.0,0.1,0.0,56,results/bob_realchannel_run_tp0.0_hp0.1_rp0.0_seed56_20260822_015126_972927.json,44,1900,0,False,,53.4708936214447,{},True,14,results/bob_realchannel_run_tp0.0_hp0.1_rp0.0_seed56_20260822_015126_972927.json,results/alice_realchannel_run_seed56_20260822_015126_806661.json,hash,0.1
0.0,0.1,0.0,57,results/bob_realchannel_run_tp0.0_hp0.1_rp0.0_seed57_20260822_015221_639332.json,44,1900,0,False,,54.290568113327026,{},True,15,results/bob_realchannel_run_tp0.0_hp0.1_rp0.0_seed57_20260822_015221_639332.json,results/alice_realchannel_run_seed57_20260822_015221_517687.json,hash,0.1
0.0,0.1,0.0,58,results/bob_realchannel_run_tp0.0_hp0.1_rp0.0_seed58_20260822_015317_138410.json,44,1900,0,False,,54.695770263671875,{},True,16,results/bob_realchannel_run_tp0.0_hp0.1_rp0.0_seed58_20260822_015317_138410.json,results/alice_realchannel_run_seed58_20260822_015317_010111.json,hash,0.1
0.0,0.1,0.0,59,results/bob_realchannel_run_tp0.0_hp0.1_rp0.0_seed59_20260822_015413_040123.json,44,1900,0,False,,53.701114892959595,{},True,17,results/bob_realchannel_run_tp0.0_hp0.1_rp0.0_seed59_20260822_015413_040123.json,results/alice_realchannel_run_seed59_20260822_015412_915713.json,hash,0.1
0.0,0.1,0.0,60,results/bob_realchannel_run_tp0.0_hp0.1_rp0.0_seed60_20260822_015507_917390.json,44,1900,0,False,,52.648433685302734,{'hash_output': 1},False,18,results/bob_realchannel_run_tp0.0_hp0.1_rp0.0_seed60_20260822_015507_917390.json,results/alice_realchannel_run_seed60_20260822_015507_770004.json,hash,0.1
0.0,0.1,0.0,61,results/bob_realchannel_run_tp0.0_hp0.1_rp0.0_seed61_20260822_015601_785242.json,44,1900,0,False,,52.22805309295654,{'hash_output': 1},False,19,results/bob_realchannel_run_tp0.0_hp0.1_rp0.0_seed61_20260822_015601_785242.json,results/alice_realchannel_run_seed61_20260822_015601_694624.json,hash,0.1
0.0,0.05,0.0,42,results/bob_realchannel_run_tp0.0_hp0.05_rp0.0_seed42_20260822_015655_194599.json,44,1900,0,False,,52.90834426879883,{},True,0,results/bob_realchannel_run_tp0.0_hp0.05_rp0.0_seed42_20260822_015655_194599.json,results/alice_realchannel_run_seed42_20260822_015655_052330.json,hash,0.05
0.0,0.05,0.0,43,results/bob_realchannel_run_tp0.0_hp0.05_rp0.0_seed43_20260822_015749_260261.json,44,1900,0,False,,53.199652671813965,{'hash_output': 1},False,1,results/bob_realchannel_run_tp0.0_hp0.05_rp0.0_seed43_20260822_015749_260261.json,results/alice_realchannel_run_seed43_20260822_015749_153831.json,hash,0.05
0.0,0.05,0.0,44,results/bob_realchannel_run_tp0.0_hp0.05_rp0.0_seed44_20260822_015843_594294.json,44,1900,0,False,,51.23580861091614,{},True,2,results/bob_realchannel_run_tp0.0_hp0.05_rp0.0_seed44_20260822_015843_594294.json,results/alice_realchannel_run_seed44_20260822_015843_501456.json,hash,0.05
0.0,0.05,0.0,45,results/bob_realchannel_run_tp0.0_hp0.05_rp0.0_seed45_20260822_015935_985994.json,44,1900,0,False,,52.49909424781799,{'hash_output': 1},False,3,results/bob_realchannel_run_tp0.0_hp0.05_rp0.0_seed45_20260822_015935_985994.json,results/alice_realchannel_run_seed45_20260822_015935_912538.json,hash,0.05
0.0,0.05,0.0,46,results/bob_realchannel_run_tp0.0_hp0.05_rp0.0_seed46_20260822_020029_660173.json,44,1900,0,False,,52.78273940086365,{},True,4,results/bob_realchannel_run_tp0.0_hp0.05_rp0.0_seed46_20260822_020029_660173.json,results/alice_realchannel_run_seed46_20260822_020029_530004.json,hash,0.05
0.0,0.05,0.0,47,results/bob_realchannel_run_tp0.0_hp0.05_rp0.0_seed47_20260822_020123_647207.json,44,1900,0,False,,54.079577684402466,{},True,5,results/bob_realchannel_run_tp0.0_hp0.05_rp0.0_seed47_20260822_020123_647207.json,results/alice_realchannel_run_seed47_20260822_020123_495382.json,hash,0.05
0.0,0.05,0.0,48,results/bob_realchannel_run_tp0.0_hp0.05_rp0.0_seed48_20260822_020218_868412.json,44,1900,0,False,,53.57099270820618,{},True,6,results/bob_realchannel_run_tp0.0_hp0.05_rp0.0_seed48_20260822_020218_868412.json,results/alice_realchannel_run_seed48_20260822_020218_803023.json,hash,0.05
0.0,0.05,0.0,49,results/bob_realchannel_run_tp0.0_hp0.05_rp0.0_seed49_20260822_020313_573463.json,44,1900,0,False,,52.92269229888916,{},True,7,results/bob_realchannel_run_tp0.0_hp0.05_rp0.0_seed49_20260822_020313_573463.json,results/alice_realchannel_run_seed49_20260822_020313_510358.json,hash,0.05
0.0,0.05,0.0,50,results/bob_realchannel_run_tp0.0_hp0.05_rp0.0_seed50_20260822_020407_623943.json,44,1900,0,False,,54.649919509887695,{},True,8,results/bob_realchannel_run_tp0.0_hp0.05_rp0.0_seed50_20260822_020407_623943.json,results/alice_realchannel_run_seed50_20260822_020407_562290.json,hash,0.05
0.0,0.05,0.0,51,results/bob_realchannel_run_tp0.0_hp0.05_rp0.0_seed51_20260822_020503_404813.json,44,1900,0,False,,53.55308270454407,{},True,9,results/bob_realchannel_run_tp0.0_hp0.05_rp0.0_seed51_20260822_020503_404813.json,results/alice_realchannel_run_seed51_20260822_020503_336660.json,hash,0.05
0.0,0.05,0.0,52,results/bob_realchannel_run_tp0.0_hp0.05_rp0.0_seed52_20260822_020558_093750.json,44,1900,0,False,,54.33483624458313,{},True,10,results/bob_realchannel_run_tp0.0_hp0.05_rp0.0_seed52_20260822_020558_093750.json,results/alice_realchannel_run_seed52_20260822_020558_047618.json,hash,0.05
0.0,0.05,0.0,53,results/bob_realchannel_run_tp0.0_hp0.05_rp0.0_seed53_20260822_020653_559168.json,44,1900,0,False,,52.55717921257019,{},True,11,results/bob_realchannel_run_tp0.0_hp0.05_rp0.0_seed53_20260822_020653_559168.json,results/alice_realchannel_run_seed53_20260822_020653_503043.json,hash,0.05
0.0,0.05,0.0,54,results/bob_realchannel_run_tp0.0_hp0.05_rp0.0_seed54_20260822_020747_249274.json,44,1900,0,False,,51.70769143104553,{},True,12,results/bob_realchannel_run_tp0.0_hp0.05_rp0.0_seed54_20260822_020747_249274.json,results/alice_realchannel_run_seed54_20260822_020747_190759.json,hash,0.05
0.0,0.05,0.0,55,results/bob_realchannel_run_tp0.0_hp0.05_rp0.0_seed55_20260822_020840_172892.json,44,1900,0,False,,54.76979327201843,{},True,13,results/bob_realchannel_run_tp0.0_hp0.05_rp0.0_seed55_20260822_020840_172892.json,results/alice_realchannel_run_seed55_20260822_020840_014680.json,hash,0.05
0.0,0.05,0.0,56,results/bob_realchannel_run_tp0.0_hp0.05_rp0.0_seed56_20260822_020936_135231.json,44,1900,0,False,,52.953702211380005,{},True,14,results/bob_realchannel_run_tp0.0_hp0.05_rp0.0_seed56_20260822_020936_135231.json,results/alice_realchannel_run_seed56_20260822_020935_999737.json,hash,0.05
0.0,0.05,0.0,57,results/bob_realchannel_run_tp0.0_hp0.05_rp0.0_seed57_20260822_021030_225172.json,44,1900,0,False,,51.94037222862244,{},True,15,results/bob_realchannel_run_tp0.0_hp0.05_rp0.0_seed57_20260822_021030_225172.json,results/alice_realchannel_run_seed57_20260822_021030_126483.json,hash,0.05
0.0,0.05,0.0,58,results/bob_realchannel_run_tp0.0_hp0.05_rp0.0_seed58_20260822_021123_297223.json,44,1900,0,False,,53.26834797859192,{},True,16,results/bob_realchannel_run_tp0.0_hp0.05_rp0.0_seed58_20260822_021123_297223.json,results/alice_realchannel_run_seed58_20260822_021123_233081.json,hash,0.05
0.0,0.05,0.0,59,results/bob_realchannel_run_tp0.0_hp0.05_rp0.0_seed59_20260822_021217_702982.json,44,1900,0,False,,52.41172242164612,{},True,17,results/bob_realchannel_run_tp0.0_hp0.05_rp0.0_seed59_20260822_021217_702982.json,results/alice_realchannel_run_seed59_20260822_021217_614261.json,hash,0.05
0.0,0.05,0.0,60,results/bob_realchannel_run_tp0.0_hp0.05_rp0.0_seed60_20260822_021311_250190.json,44,1900,0,False,,53.02997064590454,{},True,18,results/bob_realchannel_run_tp0.0_hp0.05_rp0.0_seed60_20260822_021311_250190.json,results/alice_realchannel_run_seed60_20260822_021311_158119.json,hash,0.05
0.0,0.05,0.0,61,results/bob_realchannel_run_tp0.0_hp0.05_rp0.0_seed61_20260822_021405_469115.json,44,1900,0,False,,52.73658347129822,{},True,19,results/bob_realchannel_run_tp0.0_hp0.05_rp0.0_seed61_20260822_021405_469115.json,results/alice_realchannel_run_seed61_20260822_021405_317622.json,hash,0.05
0.0,0.03,0.0,42,results/bob_realchannel_run_tp0.0_hp0.03_rp0.0_seed42_20260822_021459_332635.json,44,1900,0,False,,50.48769569396973,{},True,0,results/bob_realchannel_run_tp0.0_hp0.03_rp0.0_seed42_20260822_021459_332635.json,results/alice_realchannel_run_seed42_20260822_021459_263407.json,hash,0.03
0.0,0.03,0.0,43,results/bob_realchannel_run_tp0.0_hp0.03_rp0.0_seed43_20260822_021550_949897.json,44,1900,0,False,,53.117488622665405,{'hash_output': 1},False,1,results/bob_realchannel_run_tp0.0_hp0.03_rp0.0_seed43_20260822_021550_949897.json,results/alice_realchannel_run_seed43_20260822_021550_869173.json,hash,0.03
0.0,0.03,0.0,44,results/bob_realchannel_run_tp0.0_hp0.03_rp0.0_seed44_20260822_021645_196525.json,44,1900,0,False,,52.92989492416382,{},True,2,results/bob_realchannel_run_tp0.0_hp0.03_rp0.0_seed44_20260822_021645_196525.json,results/alice_realchannel_run_seed44_20260822_021645_113363.json,hash,0.03
0.0,0.03,0.0,45,results/bob_realchannel_run_tp0.0_hp0.03_rp0.0_seed45_20260822_021739_255271.json,44,1900,0,False,,51.97523593902588,{'hash_output': 1},False,3,results/bob_realchannel_run_tp0.0_hp0.03_rp0.0_seed45_20260822_021739_255271.json,results/alice_realchannel_run_seed45_20260822_021739_182807.json,hash,0.03
0.0,0.03,0.0,46,results/bob_realchannel_run_tp0.0_hp0.03_rp0.0_seed46_20260822_021832_365346.json,44,1900,0,False,,54.450798749923706,{},True,4,results/bob_realchannel_run_tp0.0_hp0.03_rp0.0_seed46_20260822_021832_365346.json,results/alice_realchannel_run_seed46_20260822_021832_281273.json,hash,0.03
0.0,0.03,0.0,47,results/bob_realchannel_run_tp0.0_hp0.03_rp0.0_seed47_20260822_021927_949744.json,44,1900,0,False,,53.114912033081055,{},True,5,results/bob_realchannel_run_tp0.0_hp0.03_rp0.0_seed47_20260822_021927_949744.json,results/alice_realchannel_run_seed47_20260822_021927_863098.json,hash,0.03
0.0,0.03,0.0,48,results/bob_realchannel_run_tp0.0_hp0.03_rp0.0_seed48_20260822_022022_205999.json,44,1900,0,False,,51.84013628959656,{},True,6,results/bob_realchannel_run_tp0.0_hp0.03_rp0.0_seed48_20260822_022022_205999.json,results/alice_realchannel_run_seed48_20260822_022022_098587.json,hash,0.03
0.0,0.03,0.0,49,results/bob_realchannel_run_tp0.0_hp0.03_rp0.0_seed49_20260822_022115_189528.json,44,1900,0,False,,52.26965928077698,{},True,7,results/bob_realchannel_run_tp0.0_hp0.03_rp0.0_seed49_20260822_022115_189528.json,results/alice_realchannel_run_seed49_20260822_022115_091226.json,hash,0.03
0.0,0.03,0.0,50,results/bob_realchannel_run_tp0.0_hp0.03_rp0.0_seed50_20260822_022208_599857.json,44,1900,0,False,,54.64293360710144,{},True,8,results/bob_realchannel_run_tp0.0_hp0.03_rp0.0_seed50_20260822_022208_599857.json,results/alice_realchannel_run_seed50_20260822_022208_494521.json,hash,0.03
0.0,0.03,0.0,51,results/bob_realchannel_run_tp0.0_hp0.03_rp0.0_seed51_20260822_022304_376771.json,44,1900,0,False,,52.32712149620056,{},True,9,results/bob_realchannel_run_tp0.0_hp0.03_rp0.0_seed51_20260822_022304_376771.json,results/alice_realchannel_run_seed51_20260822_022304_302469.json,hash,0.03
0.0,0.03,0.0,52,results/bob_realchannel_run_tp0.0_hp0.03_rp0.0_seed52_20260822_022357_842065.json,44,1900,0,False,,53.621073484420776,{},True,10,results/bob_realchannel_run_tp0.0_hp0.03_rp0.0_seed52_20260822_022357_842065.json,results/alice_realchannel_run_seed52_20260822_022357_750082.json,hash,0.03
0.0,0.03,0.0,53,results/bob_realchannel_run_tp0.0_hp0.03_rp0.0_seed53_20260822_022452_680913.json,44,1900,0,False,,52.61035895347595,{},True,11,results/bob_realchannel_run_tp0.0_hp0.03_rp0.0_seed53_20260822_022452_680913.json,results/alice_realchannel_run_seed53_20260822_022452_581605.json,hash,0.03
0.0,0.03,0.0,54,results/bob_realchannel_run_tp0.0_hp0.03_rp0.0_seed54_20260822_022546_430949.json,44,1900,0,False,,53.82017922401428,{},True,12,results/bob_realchannel_run_tp0.0_hp0.03_rp0.0_seed54_20260822_022546_430949.json,results/alice_realchannel_run_seed54_20260822_022546_367203.json,hash,0.03
0.0,0.03,0.0,55,results/bob_realchannel_run_tp0.0_hp0.03_rp0.0_seed55_20260822_022641_387256.json,44,1900,0,False,,52.96592378616333,{},True,13,results/bob_realchannel_run_tp0.0_hp0.03_rp0.0_seed55_20260822_022641_387256.json,results/alice_realchannel_run_seed55_20260822_022641_295374.json,hash,0.03
0.0,0.03,0.0,56,results/bob_realchannel_run_tp0.0_hp0.03_rp0.0_seed56_20260822_022735_584443.json,44,1900,0,False,,54.75572347640991,{},True,14,results/bob_realchannel_run_tp0.0_hp0.03_rp0.0_seed56_20260822_022735_584443.json,results/alice_realchannel_run_seed56_20260822_022735_487150.json,hash,0.03
0.0,0.03,0.0,57,results/bob_realchannel_run_tp0.0_hp0.03_rp0.0_seed57_20260822_022831_481781.json,44,1900,0,False,,53.71295762062073,{},True,15,results/bob_realchannel_run_tp0.0_hp0.03_rp0.0_seed57_20260822_022831_481781.json,results/alice_realchannel_run_seed57_20260822_022831_391686.json,hash,0.03
0.0,0.03,0.0,58,results/bob_realchannel_run_tp0.0_hp0.03_rp0.0_seed58_20260822_022926_332450.json,44,1900,0,False,,52.598069190979004,{},True,16,results/bob_realchannel_run_tp0.0_hp0.03_rp0.0_seed58_20260822_022926_332450.json,results/alice_realchannel_run_seed58_20260822_022926_233975.json,hash,0.03
0.0,0.03,0.0,59,results/bob_realchannel_run_tp0.0_hp0.03_rp0.0_seed59_20260822_023020_064017.json,44,1900,0,False,,54.63958978652954,{},True,17,results/bob_realchannel_run_tp0.0_hp0.03_rp0.0_seed59_20260822_023020_064017.json,results/alice_realchannel_run_seed59_20260822_023019_974539.json,hash,0.03
0.0,0.03,0.0,60,results/bob_realchannel_run_tp0.0_hp0.03_rp0.0_seed60_20260822_023115_868777.json,44,1900,0,False,,52.31032967567444,{},True,18,results/bob_realchannel_run_tp0.0_hp0.03_rp0.0_seed60_20260822_023115_868777.json,results/alice_realchannel_run_seed60_20260822_023115_741177.json,hash,0.03
0.0,0.03,0.0,61,results/bob_realchannel_run_tp0.0_hp0.03_rp0.0_seed61_20260822_023209_308046.json,44,1900,0,False,,53.818867206573486,{},True,19,results/bob_realchannel_run_tp0.0_hp0.03_rp0.0_seed61_20260822_023209_308046.json,results/alice_realchannel_run_seed61_20260822_023209_217186.json,hash,0.03
0.0,0.01,0.0,42,results/bob_realchannel_run_tp0.0_hp0.01_rp0.0_seed42_20260822_023304_258870.json,44,1900,0,False,,50.256000995635986,{},True,0,results/bob_realchannel_run_tp0.0_hp0.01_rp0.0_seed42_20260822_023304_258870.json,results/alice_realchannel_run_seed42_20260822_023304_160627.json,hash,0.01
0.0,0.01,0.0,43,results/bob_realchannel_run_tp0.0_hp0.01_rp0.0_seed43_20260822_023355_648962.json,44,1900,0,False,,54.24433493614197,{},True,1,results/bob_realchannel_run_tp0.0_hp0.01_rp0.0_seed43_20260822_023355_648962.json,results/alice_realchannel_run_seed43_20260822_023355_550523.json,hash,0.01
0.0,0.01,0.0,44,results/bob_realchannel_run_tp0.0_hp0.01_rp0.0_seed44_20260822_023451_066873.json,44,1900,0,False,,53.52512979507446,{},True,2,results/bob_realchannel_run_tp0.0_hp0.01_rp0.0_seed44_20260822_023451_066873.json,results/alice_realchannel_run_seed44_20260822_023450_929142.json,hash,0.01
0.0,0.01,0.0,45,results/bob_realchannel_run_tp0.0_hp0.01_rp0.0_seed45_20260822_023545_779583.json,44,1900,0,False,,52.64460206031799,{},True,3,results/bob_realchannel_run_tp0.0_hp0.01_rp0.0_seed45_20260822_023545_779583.json,results/alice_realchannel_run_seed45_20260822_023545_641549.json,hash,0.01
0.0,0.01,0.0,46,results/bob_realchannel_run_tp0.0_hp0.01_rp0.0_seed46_20260822_023639_550414.json,44,1900,0,False,,51.45271348953247,{},True,4,results/bob_realchannel_run_tp0.0_hp0.01_rp0.0_seed46_20260822_023639_550414.json,results/alice_realchannel_run_seed46_20260822_023639_485246.json,hash,0.01
0.0,0.01,0.0,47,results/bob_realchannel_run_tp0.0_hp0.01_rp0.0_seed47_20260822_023732_141942.json,44,1900,0,False,,53.593246936798096,{},True,5,results/bob_realchannel_run_tp0.0_hp0.01_rp0.0_seed47_20260822_023732_141942.json,results/alice_realchannel_run_seed47_20260822_023732_055805.json,hash,0.01
0.0,0.01,0.0,48,results/bob_realchannel_run_tp0.0_hp0.01_rp0.0_seed48_20260822_023826_864444.json,44,1900,0,False,,51.5924654006958,{},True,6,results/bob_realchannel_run_tp0.0_hp0.01_rp0.0_seed48_20260822_023826_864444.json,results/alice_realchannel_run_seed48_20260822_023826_778722.json,hash,0.01
0.0,0.01,0.0,49,results/bob_realchannel_run_tp0.0_hp0.01_rp0.0_seed49_20260822_023919_593254.json,44,1900,0,False,,52.20018815994263,{},True,7,results/bob_realchannel_run_tp0.0_hp0.01_rp0.0_seed49_20260822_023919_593254.json,results/alice_realchannel_run_seed49_20260822_023919_508567.json,hash,0.01
0.0,0.01,0.0,50,results/bob_realchannel_run_tp0.0_hp0.01_rp0.0_seed50_20260822_024012_951995.json,44,1900,0,False,,51.14794039726257,{},True,8,results/bob_realchannel_run_tp0.0_hp0.01_rp0.0_seed50_20260822_024012_951995.json,results/alice_realchannel_run_seed50_20260822_024012_845855.json,hash,0.01
0.0,0.01,0.0,51,results/bob_realchannel_run_tp0.0_hp0.01_rp0.0_seed51_20260822_024105_317384.json,44,1900,0,False,,55.49298024177551,{},True,9,results/bob_realchannel_run_tp0.0_hp0.01_rp0.0_seed51_20260822_024105_317384.json,results/alice_realchannel_run_seed51_20260822_024105_235785.json,hash,0.01
0.0,0.01,0.0,52,results/bob_realchannel_run_tp0.0_hp0.01_rp0.0_seed52_20260822_024201_950989.json,44,1900,0,False,,53.45418906211853,{},True,10,results/bob_realchannel_run_tp0.0_hp0.01_rp0.0_seed52_20260822_024201_950989.json,results/alice_realchannel_run_seed52_20260822_024201_844943.json,hash,0.01
0.0,0.01,0.0,53,results/bob_realchannel_run_tp0.0_hp0.01_rp0.0_seed53_20260822_024256_547138.json,44,1900,0,False,,52.845470666885376,{},True,11,results/bob_realchannel_run_tp0.0_hp0.01_rp0.0_seed53_20260822_024256_547138.json,results/alice_realchannel_run_seed53_20260822_024256_463761.json,hash,0.01
0.0,0.01,0.0,54,results/bob_realchannel_run_tp0.0_hp0.01_rp0.0_seed54_20260822_024350_703883.json,44,1900,0,False,,55.09727168083191,{},True,12,results/bob_realchannel_run_tp0.0_hp0.01_rp0.0_seed54_20260822_024350_703883.json,results/alice_realchannel_run_seed54_20260822_024350_592054.json,hash,0.01
0.0,0.01,0.0,55,results/bob_realchannel_run_tp0.0_hp0.01_rp0.0_seed55_20260822_024446_946017.json,44,1900,0,False,,53.010536432266235,{},True,13,results/bob_realchannel_run_tp0.0_hp0.01_rp0.0_seed55_20260822_024446_946017.json,results/alice_realchannel_run_seed55_20260822_024446_853800.json,hash,0.01
0.0,0.01,0.0,56,results/bob_realchannel_run_tp0.0_hp0.01_rp0.0_seed56_20260822_024541_113569.json,44,1900,0,False,,52.04902529716492,{},True,14,results/bob_realchannel_run_tp0.0_hp0.01_rp0.0_seed56_20260822_024541_113569.json,results/alice_realchannel_run_seed56_20260822_024541_015833.json,hash,0.01
0.0,0.01,0.0,57,results/bob_realchannel_run_tp0.0_hp0.01_rp0.0_seed57_20260822_024634_403397.json,44,1900,0,False,,52.99828362464905,{},True,15,results/bob_realchannel_run_tp0.0_hp0.01_rp0.0_seed57_20260822_024634_403397.json,results/alice_realchannel_run_seed57_20260822_024634_260340.json,hash,0.01
0.0,0.01,0.0,58,results/bob_realchannel_run_tp0.0_hp0.01_rp0.0_seed58_20260822_024728_543597.json,44,1900,0,False,,53.89098787307739,{},True,16,results/bob_realchannel_run_tp0.0_hp0.01_rp0.0_seed58_20260822_024728_543597.json,results/alice_realchannel_run_seed58_20260822_024728_452786.json,hash,0.01
0.0,0.01,0.0,59,results/bob_realchannel_run_tp0.0_hp0.01_rp0.0_seed59_20260822_024823_572983.json,44,1900,0,False,,54.513461112976074,{},True,17,results/bob_realchannel_run_tp0.0_hp0.01_rp0.0_seed59_20260822_024823_572983.json,results/alice_realchannel_run_seed59_20260822_024823_474331.json,hash,0.01
0.0,0.01,0.0,60,results/bob_realchannel_run_tp0.0_hp0.01_rp0.0_seed60_20260822_024919_227136.json,44,1900,0,False,,55.657453775405884,{},True,18,results/bob_realchannel_run_tp0.0_hp0.01_rp0.0_seed60_20260822_024919_227136.json,results/alice_realchannel_run_seed60_20260822_024919_117651.json,hash,0.01
0.0,0.01,0.0,61,results/bob_realchannel_run_tp0.0_hp0.01_rp0.0_seed61_20260822_025016_017612.json,44,1900,0,False,,53.64826822280884,{},True,19,results/bob_realchannel_run_tp0.0_hp0.01_rp0.0_seed61_20260822_025016_017612.json,results/alice_realchannel_run_seed61_20260822_025015_926328.json,hash,0.01
0.0,0.003,0.0,42,results/bob_realchannel_run_tp0.0_hp0.003_rp0.0_seed42_20260822_025110_799789.json,44,1900,0,False,,54.28770041465759,{},True,0,results/bob_realchannel_run_tp0.0_hp0.003_rp0.0_seed42_20260822_025110_799789.json,results/alice_realchannel_run_seed42_20260822_025110_702541.json,hash,0.003
0.0,0.003,0.0,43,results/bob_realchannel_run_tp0.0_hp0.003_rp0.0_seed43_20260822_025206_224551.json,44,1900,0,False,,55.71148180961609,{},True,1,results/bob_realchannel_run_tp0.0_hp0.003_rp0.0_seed43_20260822_025206_224551.json,results/alice_realchannel_run_seed43_20260822_025206_127344.json,hash,0.003
0.0,0.003,0.0,44,results/bob_realchannel_run_tp0.0_hp0.003_rp0.0_seed44_20260822_025303_069318.json,44,1900,0,False,,52.8267924785614,{},True,2,results/bob_realchannel_run_tp0.0_hp0.003_rp0.0_seed44_20260822_025303_069318.json,results/alice_realchannel_run_seed44_20260822_025302_973014.json,hash,0.003
0.0,0.003,0.0,45,results/bob_realchannel_run_tp0.0_hp0.003_rp0.0_seed45_20260822_025357_033442.json,44,1900,0,False,,53.30778980255127,{},True,3,results/bob_realchannel_run_tp0.0_hp0.003_rp0.0_seed45_20260822_025357_033442.json,results/alice_realchannel_run_seed45_20260822_025356_930739.json,hash,0.003
0.0,0.003,0.0,46,results/bob_realchannel_run_tp0.0_hp0.003_rp0.0_seed46_20260822_025451_480229.json,44,1900,0,False,,55.123724937438965,{},True,4,results/bob_realchannel_run_tp0.0_hp0.003_rp0.0_seed46_20260822_025451_480229.json,results/alice_realchannel_run_seed46_20260822_025451_373054.json,hash,0.003
0.0,0.003,0.0,47,results/bob_realchannel_run_tp0.0_hp0.003_rp0.0_seed47_20260822_025547_736644.json,44,1900,0,False,,54.449140787124634,{},True,5,results/bob_realchannel_run_tp0.0_hp0.003_rp0.0_seed47_20260822_025547_736644.json,results/alice_realchannel_run_seed47_20260822_025547_636407.json,hash,0.003
0.0,0.003,0.0,48,results/bob_realchannel_run_tp0.0_hp0.003_rp0.0_seed48_20260822_025643_318915.json,44,1900,0,False,,52.11394119262695,{},True,6,results/bob_realchannel_run_tp0.0_hp0.003_rp0.0_seed48_20260822_025643_318915.json,results/alice_realchannel_run_seed48_20260822_025643_217584.json,hash,0.003
0.0,0.003,0.0,49,results/bob_realchannel_run_tp0.0_hp0.003_rp0.0_seed49_20260822_025736_573934.json,44,1900,0,False,,52.74124002456665,{},True,7,results/bob_realchannel_run_tp0.0_hp0.003_rp0.0_seed49_20260822_025736_573934.json,results/alice_realchannel_run_seed49_20260822_025736_466391.json,hash,0.003
0.0,0.003,0.0,50,results/bob_realchannel_run_tp0.0_hp0.003_rp0.0_seed50_20260822_025830_481882.json,44,1900,0,False,,53.313750982284546,{},True,8,results/bob_realchannel_run_tp0.0_hp0.003_rp0.0_seed50_20260822_025830_481882.json,results/alice_realchannel_run_seed50_20260822_025830_348605.json,hash,0.003
0.0,0.003,0.0,51,results/bob_realchannel_run_tp0.0_hp0.003_rp0.0_seed51_20260822_025924_943612.json,44,1900,0,False,,52.51156735420227,{},True,9,results/bob_realchannel_run_tp0.0_hp0.003_rp0.0_seed51_20260822_025924_943612.json,results/alice_realchannel_run_seed51_20260822_025924_838857.json,hash,0.003
0.0,0.003,0.0,52,results/bob_realchannel_run_tp0.0_hp0.003_rp0.0_seed52_20260822_030018_595052.json,44,1900,0,False,,54.58296751976013,{},True,10,results/bob_realchannel_run_tp0.0_hp0.003_rp0.0_seed52_20260822_030018_595052.json,results/alice_realchannel_run_seed52_20260822_030018_506171.json,hash,0.003
0.0,0.003,0.0,53,results/bob_realchannel_run_tp0.0_hp0.003_rp0.0_seed53_20260822_030114_323149.json,44,1900,0,False,,52.1044385433197,{},True,11,results/bob_realchannel_run_tp0.0_hp0.003_rp0.0_seed53_20260822_030114_323149.json,results/alice_realchannel_run_seed53_20260822_030114_218134.json,hash,0.003
0.0,0.003,0.0,54,results/bob_realchannel_run_tp0.0_hp0.003_rp0.0_seed54_20260822_030207_562270.json,44,1900,0,False,,54.28044509887695,{},True,12,results/bob_realchannel_run_tp0.0_hp0.003_rp0.0_seed54_20260822_030207_562270.json,results/alice_realchannel_run_seed54_20260822_030207_454948.json,hash,0.003
0.0,0.003,0.0,55,results/bob_realchannel_run_tp0.0_hp0.003_rp0.0_seed55_20260822_030302_996892.json,44,1900,0,False,,54.53001308441162,{},True,13,results/bob_realchannel_run_tp0.0_hp0.003_rp0.0_seed55_20260822_030302_996892.json,results/alice_realchannel_run_seed55_20260822_030302_886340.json,hash,0.003
0.0,0.003,0.0,56,results/bob_realchannel_run_tp0.0_hp0.003_rp0.0_seed56_20260822_030358_673243.json,44,1900,0,False,,53.67429280281067,{},True,14,results/bob_realchannel_run_tp0.0_hp0.003_rp0.0_seed56_20260822_030358_673243.json,results/alice_realchannel_run_seed56_20260822_030358_563845.json,hash,0.003
0.0,0.003,0.0,57,results/bob_realchannel_run_tp0.0_hp0.003_rp0.0_seed57_20260822_030453_489710.json,44,1900,0,False,,53.848971128463745,{},True,15,results/bob_realchannel_run_tp0.0_hp0.003_rp0.0_seed57_20260822_030453_489710.json,results/alice_realchannel_run_seed57_20260822_030453_406183.json,hash,0.003
0.0,0.003,0.0,58,results/bob_realchannel_run_tp0.0_hp0.003_rp0.0_seed58_20260822_030548_475470.json,44,1900,0,False,,51.765241861343384,{},True,16,results/bob_realchannel_run_tp0.0_hp0.003_rp0.0_seed58_20260822_030548_475470.json,results/alice_realchannel_run_seed58_20260822_030548_385237.json,hash,0.003
0.0,0.003,0.0,59,results/bob_realchannel_run_tp0.0_hp0.003_rp0.0_seed59_20260822_030641_372720.json,44,1900,0,False,,54.424635887145996,{},True,17,results/bob_realchannel_run_tp0.0_hp0.003_rp0.0_seed59_20260822_030641_372720.json,results/alice_realchannel_run_seed59_20260822_030641_269006.json,hash,0.003
0.0,0.003,0.0,60,results/bob_realchannel_run_tp0.0_hp0.003_rp0.0_seed60_20260822_030736_930670.json,44,1900,0,False,,52.25477313995361,{},True,18,results/bob_realchannel_run_tp0.0_hp0.003_rp0.0_seed60_20260822_030736_930670.json,results/alice_realchannel_run_seed60_20260822_030736_845115.json,hash,0.003
0.0,0.003,0.0,61,results/bob_realchannel_run_tp0.0_hp0.003_rp0.0_seed61_20260822_030830_323451.json,44,1900,0,False,,52.399868965148926,{},True,19,results/bob_realchannel_run_tp0.0_hp0.003_rp0.0_seed61_20260822_030830_323451.json,results/alice_realchannel_run_seed61_20260822_030830_216508.json,hash,0.003
0.0,0.001,0.0,42,results/bob_realchannel_run_tp0.0_hp0.001_rp0.0_seed42_20260822_030923_868768.json,44,1900,0,False,,55.346885204315186,{},True,0,results/bob_realchannel_run_tp0.0_hp0.001_rp0.0_seed42_20260822_030923_868768.json,results/alice_realchannel_run_seed42_20260822_030923_759500.json,hash,0.001
0.0,0.001,0.0,43,results/bob_realchannel_run_tp0.0_hp0.001_rp0.0_seed43_20260822_031020_358354.json,44,1900,0,False,,54.28829550743103,{},True,1,results/bob_realchannel_run_tp0.0_hp0.001_rp0.0_seed43_20260822_031020_358354.json,results/alice_realchannel_run_seed43_20260822_031020_258268.json,hash,0.001
0.0,0.001,0.0,44,results/bob_realchannel_run_tp0.0_hp0.001_rp0.0_seed44_20260822_031115_823745.json,44,1900,0,False,,53.01312971115112,{},True,2,results/bob_realchannel_run_tp0.0_hp0.001_rp0.0_seed44_20260822_031115_823745.json,results/alice_realchannel_run_seed44_20260822_031115_677257.json,hash,0.001
0.0,0.001,0.0,45,results/bob_realchannel_run_tp0.0_hp0.001_rp0.0_seed45_20260822_031209_992639.json,44,1900,0,False,,51.42855715751648,{},True,3,results/bob_realchannel_run_tp0.0_hp0.001_rp0.0_seed45_20260822_031209_992639.json,results/alice_realchannel_run_seed45_20260822_031209_888960.json,hash,0.001
0.0,0.001,0.0,46,results/bob_realchannel_run_tp0.0_hp0.001_rp0.0_seed46_20260822_031302_560566.json,44,1900,0,False,,52.519063234329224,{},True,4,results/bob_realchannel_run_tp0.0_hp0.001_rp0.0_seed46_20260822_031302_560566.json,results/alice_realchannel_run_seed46_20260822_031302_461235.json,hash,0.001
0.0,0.001,0.0,47,results/bob_realchannel_run_tp0.0_hp0.001_rp0.0_seed47_20260822_031356_211087.json,44,1900,0,False,,55.311020851135254,{},True,5,results/bob_realchannel_run_tp0.0_hp0.001_rp0.0_seed47_20260822_031356_211087.json,results/alice_realchannel_run_seed47_20260822_031356_125919.json,hash,0.001
0.0,0.001,0.0,48,results/bob_realchannel_run_tp0.0_hp0.001_rp0.0_seed48_20260822_031452_658833.json,44,1900,0,False,,54.34778380393982,{},True,6,results/bob_realchannel_run_tp0.0_hp0.001_rp0.0_seed48_20260822_031452_658833.json,results/alice_realchannel_run_seed48_20260822_031452_556262.json,hash,0.001
0.0,0.001,0.0,49,results/bob_realchannel_run_tp0.0_hp0.001_rp0.0_seed49_20260822_031548_147244.json,44,1900,0,False,,55.07382154464722,{},True,7,results/bob_realchannel_run_tp0.0_hp0.001_rp0.0_seed49_20260822_031548_147244.json,results/alice_realchannel_run_seed49_20260822_031548_045336.json,hash,0.001
0.0,0.001,0.0,50,results/bob_realchannel_run_tp0.0_hp0.001_rp0.0_seed50_20260822_031644_422357.json,44,1900,0,False,,52.42413902282715,{},True,8,results/bob_realchannel_run_tp0.0_hp0.001_rp0.0_seed50_20260822_031644_422357.json,results/alice_realchannel_run_seed50_20260822_031644_308877.json,hash,0.001
0.0,0.001,0.0,51,results/bob_realchannel_run_tp0.0_hp0.001_rp0.0_seed51_20260822_031738_092063.json,44,1900,0,False,,55.29744482040405,{},True,9,results/bob_realchannel_run_tp0.0_hp0.001_rp0.0_seed51_20260822_031738_092063.json,results/alice_realchannel_run_seed51_20260822_031737_914983.json,hash,0.001
0.0,0.001,0.0,52,results/bob_realchannel_run_tp0.0_hp0.001_rp0.0_seed52_20260822_031834_653188.json,44,1900,0,False,,53.571011543273926,{},True,10,results/bob_realchannel_run_tp0.0_hp0.001_rp0.0_seed52_20260822_031834_653188.json,results/alice_realchannel_run_seed52_20260822_031834_495319.json,hash,0.001
0.0,0.001,0.0,53,results/bob_realchannel_run_tp0.0_hp0.001_rp0.0_seed53_20260822_031929_480235.json,44,1900,0,False,,55.60783910751343,{},True,11,results/bob_realchannel_run_tp0.0_hp0.001_rp0.0_seed53_20260822_031929_480235.json,results/alice_realchannel_run_seed53_20260822_031929_316588.json,hash,0.001
0.0,0.001,0.0,54,results/bob_realchannel_run_tp0.0_hp0.001_rp0.0_seed54_20260822_032026_307181.json,44,1900,0,False,,52.97121810913086,{},True,12,results/bob_realchannel_run_tp0.0_hp0.001_rp0.0_seed54_20260822_032026_307181.json,results/alice_realchannel_run_seed54_20260822_032026_186110.json,hash,0.001
0.0,0.001,0.0,55,results/bob_realchannel_run_tp0.0_hp0.001_rp0.0_seed55_20260822_032120_463359.json,44,1900,0,False,,52.84633278846741,{},True,13,results/bob_realchannel_run_tp0.0_hp0.001_rp0.0_seed55_20260822_032120_463359.json,results/alice_realchannel_run_seed55_20260822_032120_314282.json,hash,0.001
0.0,0.001,0.0,56,results/bob_realchannel_run_tp0.0_hp0.001_rp0.0_seed56_20260822_032214_508281.json,44,1900,0,False,,54.3402373790741,{},True,14,results/bob_realchannel_run_tp0.0_hp0.001_rp0.0_seed56_20260822_032214_508281.json,results/alice_realchannel_run_seed56_20260822_032214_360483.json,hash,0.001
0.0,0.001,0.0,57,results/bob_realchannel_run_tp0.0_hp0.001_rp0.0_seed57_20260822_032310_006789.json,44,1900,0,False,,51.511921405792236,{},True,15,results/bob_realchannel_run_tp0.0_hp0.001_rp0.0_seed57_20260822_032310_006789.json,results/alice_realchannel_run_seed57_20260822_032309_915370.json,hash,0.001
0.0,0.001,0.0,58,results/bob_realchannel_run_tp0.0_hp0.001_rp0.0_seed58_20260822_032402_655576.json,44,1900,0,False,,52.93941259384155,{},True,16,results/bob_realchannel_run_tp0.0_hp0.001_rp0.0_seed58_20260822_032402_655576.json,results/alice_realchannel_run_seed58_20260822_032402_560114.json,hash,0.001
0.0,0.001,0.0,59,results/bob_realchannel_run_tp0.0_hp0.001_rp0.0_seed59_20260822_032456_767569.json,44,1900,0,False,,51.76670742034912,{},True,17,results/bob_realchannel_run_tp0.0_hp0.001_rp0.0_seed59_20260822_032456_767569.json,results/alice_realchannel_run_seed59_20260822_032456_633938.json,hash,0.001
0.0,0.001,0.0,60,results/bob_realchannel_run_tp0.0_hp0.001_rp0.0_seed60_20260822_032549_683417.json,44,1900,0,False,,56.10537147521973,{},True,18,results/bob_realchannel_run_tp0.0_hp0.001_rp0.0_seed60_20260822_032549_683417.json,results/alice_realchannel_run_seed60_20260822_032549_594909.json,hash,0.001
0.0,0.001,0.0,61,results/bob_realchannel_run_tp0.0_hp0.001_rp0.0_seed61_20260822_032646_964366.json,44,1900,0,False,,52.70391607284546,{},True,19,results/bob_realchannel_run_tp0.0_hp0.001_rp0.0_seed61_20260822_032646_964366.json,results/alice_realchannel_run_seed61_20260822_032646_824301.json,hash,0.001
