latency_ms,efficiency,run,qber,sifted_bits,final_key_bits,secure_key_rate,elapsed_seconds,key_bits_per_sec,source_file,loss_pct,polarization_fidelity
1.0,0.5,1,0.0,2346,2112,0.2112,48.81261587142944,43.26750292512343,joint_latency_ms_x_efficiency.json,,
1.0,0.5,2,0.012295081967213115,2440,1775,0.1775,49.16038656234741,36.10630680759325,joint_latency_ms_x_efficiency.json,,
1.0,0.5,3,0.012711864406779662,2362,1708,0.1708,47.4726996421814,35.978573219425115,joint_latency_ms_x_efficiency.json,,
1.0,0.8,1,0.0025906735751295338,3867,3300,0.33,49.40809416770935,66.79067581110453,joint_latency_ms_x_efficiency.json,,
1.0,0.8,2,0.010282776349614395,3897,2928,0.2928,49.84561896324158,58.74137107534446,joint_latency_ms_x_efficiency.json,,
1.0,0.8,3,0.0025974025974025974,3855,3289,0.3289,50.229594469070435,65.47932617742408,joint_latency_ms_x_efficiency.json,,
1.0,1.0,1,0.016877637130801686,4744,3215,0.3215,49.922301292419434,64.40007605354901,joint_latency_ms_x_efficiency.json,,
1.0,1.0,2,0.01050420168067227,4769,3570,0.357,48.67981481552124,73.33635128911232,joint_latency_ms_x_efficiency.json,,
1.0,1.0,3,0.008421052631578947,4753,3677,0.3677,50.06974768638611,73.43755800470652,joint_latency_ms_x_efficiency.json,,
100.0,0.5,1,0.012875536480686695,2331,1681,0.1681,85.55976986885071,19.64708416790626,joint_latency_ms_x_efficiency.json,,
100.0,0.5,2,0.01702127659574468,2358,1594,0.1594,85.69145798683167,18.601620715158706,joint_latency_ms_x_efficiency.json,,
100.0,0.5,3,0.008438818565400843,2373,1835,0.1835,84.48218846321106,21.720554751006198,joint_latency_ms_x_efficiency.json,,
100.0,0.8,1,0.007633587786259542,3936,3084,0.3084,94.0590615272522,32.78790953178347,joint_latency_ms_x_efficiency.json,,
100.0,0.8,2,0.010582010582010581,3787,2832,0.2832,87.32037782669067,32.432292100485625,joint_latency_ms_x_efficiency.json,,
100.0,0.8,3,0.0026246719160104987,3817,3255,0.3255,92.99059128761292,35.00354127153068,joint_latency_ms_x_efficiency.json,,
100.0,1.0,1,0.00625,4805,3851,0.3851,97.31167459487915,39.5738745225812,joint_latency_ms_x_efficiency.json,,
100.0,1.0,2,0.006342494714587738,4736,3790,0.379,94.18412232398987,40.24032826852218,joint_latency_ms_x_efficiency.json,,
100.0,1.0,3,0.012605042016806723,4768,3454,0.3454,97.53337621688843,35.413518263934776,joint_latency_ms_x_efficiency.json,,
200.0,0.5,1,0.008695652173913044,2307,1777,0.1777,119.75290155410767,14.838888886521906,joint_latency_ms_x_efficiency.json,,
200.0,0.5,2,0.016597510373443983,2412,1641,0.1641,119.72150373458862,13.706810796813441,joint_latency_ms_x_efficiency.json,,
200.0,0.5,3,0.01680672268907563,2383,1616,0.1616,120.29539585113525,13.433598090485434,joint_latency_ms_x_efficiency.json,,
200.0,0.8,1,0.013157894736842105,3804,2731,0.2731,121.8958306312561,22.4043758170981,joint_latency_ms_x_efficiency.json,,
200.0,0.8,2,0.013054830287206266,3835,2758,0.2758,121.34173631668091,22.729195112241495,joint_latency_ms_x_efficiency.json,,
200.0,0.8,3,0.013227513227513227,3781,2712,0.2712,121.50276255607605,22.320480151620878,joint_latency_ms_x_efficiency.json,,
200.0,1.0,1,0.006329113924050633,4741,3794,0.3794,143.66635632514954,26.408409714333658,joint_latency_ms_x_efficiency.json,,
200.0,1.0,2,0.014583333333333334,4808,3377,0.3377,138.77754759788513,24.333907454432225,joint_latency_ms_x_efficiency.json,,
200.0,1.0,3,0.018907563025210083,4768,3130,0.313,139.79954504966736,22.389200185794508,joint_latency_ms_x_efficiency.json,,
,0.5,1,0.016736401673640166,2396,1627,0.1627,47.634385108947754,34.15599878698509,joint_loss_pct_x_efficiency.json,1.0,
,0.5,2,0.01282051282051282,2347,1694,0.1694,48.80125284194946,34.71222358750267,joint_loss_pct_x_efficiency.json,1.0,
,0.5,3,0.004149377593360996,2414,2004,0.2004,49.65236210823059,40.36061760026132,joint_loss_pct_x_efficiency.json,1.0,
,0.8,1,0.007853403141361256,3822,2984,0.2984,49.37281560897827,60.43811687047822,joint_loss_pct_x_efficiency.json,1.0,
,0.8,2,0.0106951871657754,3746,2796,0.2796,47.7876079082489,58.50889220837869,joint_loss_pct_x_efficiency.json,1.0,
,0.8,3,0.002544529262086514,3930,3355,0.3355,48.788679361343384,68.7659523462785,joint_loss_pct_x_efficiency.json,1.0,
,1.0,1,0.008385744234800839,4773,3695,0.3695,51.59718918800354,71.61242808278975,joint_loss_pct_x_efficiency.json,1.0,
,1.0,2,0.014644351464435146,4782,3355,0.3355,48.204862117767334,69.59878843348906,joint_loss_pct_x_efficiency.json,1.0,
,1.0,3,0.008264462809917356,4844,3757,0.3757,50.42677044868469,74.50407723062891,joint_loss_pct_x_efficiency.json,1.0,
,0.5,1,0.008333333333333333,2403,1862,0.1862,55.07228755950928,33.81010817805571,joint_loss_pct_x_efficiency.json,10.0,
,0.5,2,0.008620689655172414,2328,1796,0.1796,110.74088096618652,16.218039664578686,joint_loss_pct_x_efficiency.json,10.0,
,0.5,3,0.017467248908296942,2296,1542,0.1542,70.83102893829346,21.77012000409254,joint_loss_pct_x_efficiency.json,10.0,
,0.8,1,0.017948717948717947,3901,2599,0.2599,60.07721138000488,43.260995979999976,joint_loss_pct_x_efficiency.json,10.0,
,0.8,2,0.007731958762886598,3885,3039,0.3039,57.87902641296387,52.50606633077916,joint_loss_pct_x_efficiency.json,10.0,
,0.8,3,0.018229166666666668,3840,2547,0.2547,61.57365322113037,41.36509475656611,joint_loss_pct_x_efficiency.json,10.0,
,1.0,1,0.00847457627118644,4723,3651,0.3651,56.08479571342468,65.09785679982573,joint_loss_pct_x_efficiency.json,10.0,
,1.0,2,0.01293103448275862,4646,3348,0.3348,66.42965483665466,50.39917802120861,joint_loss_pct_x_efficiency.json,10.0,
,1.0,3,0.02109704641350211,4744,3009,0.3009,58.470638036727905,51.46172679199975,joint_loss_pct_x_efficiency.json,10.0,
,0.5,1,0.008547008547008548,2342,1808,0.1808,80.23381614685059,22.534139429325517,joint_loss_pct_x_efficiency.json,15.0,
,0.5,2,0.0,2374,2137,0.2137,60.59137749671936,35.26904467744944,joint_loss_pct_x_efficiency.json,15.0,
,0.5,3,0.012605042016806723,2385,1727,0.1727,50.87297773361206,33.947295341018766,joint_loss_pct_x_efficiency.json,15.0,
,0.8,1,0.007853403141361256,3820,2982,0.2982,140.91171550750732,21.16218647441794,joint_loss_pct_x_efficiency.json,15.0,
,0.8,2,0.013054830287206266,3830,2754,0.2754,137.0865888595581,20.08949250915716,joint_loss_pct_x_efficiency.json,15.0,
,0.8,3,0.010443864229765013,3838,2876,0.2876,87.21567726135254,32.97572283228061,joint_loss_pct_x_efficiency.json,15.0,
,1.0,1,0.014767932489451477,4741,3320,0.332,76.14593362808228,43.60048976765844,joint_loss_pct_x_efficiency.json,15.0,
,1.0,2,0.016877637130801686,4743,3214,0.3214,61.36774134635925,52.37279276517933,joint_loss_pct_x_efficiency.json,15.0,
,1.0,3,0.008403361344537815,4763,3686,0.3686,56.531657457351685,65.20240456032573,joint_loss_pct_x_efficiency.json,15.0,
,0.5,1,0.08189655172413793,2324,381,0.0381,48.77016806602478,7.812152697202198,joint_polarization_fidelity_x_efficiency.json,,0.8
,0.5,2,0.102880658436214,2434,96,0.0096,47.94981336593628,2.0020932984110162,joint_polarization_fidelity_x_efficiency.json,,0.8
,0.5,3,0.14644351464435146,2398,0,0.0,48.406437158584595,0.0,joint_polarization_fidelity_x_efficiency.json,,0.8
,0.8,1,0.09819121447028424,3871,256,0.0256,49.68483090400696,5.152478036900277,joint_polarization_fidelity_x_efficiency.json,,0.8
,0.8,2,0.12335958005249344,3815,0,0.0,49.24721312522888,0.0,joint_polarization_fidelity_x_efficiency.json,,0.8
,0.8,3,0.06806282722513089,3828,974,0.0974,49.31967115402222,19.748712373978723,joint_polarization_fidelity_x_efficiency.json,,0.8
,1.0,1,0.09832635983263599,4785,312,0.0312,48.441476583480835,6.440761554043875,joint_polarization_fidelity_x_efficiency.json,,0.8
,1.0,2,0.09937888198757763,4837,287,0.0287,49.6121723651886,5.784870654069151,joint_polarization_fidelity_x_efficiency.json,,0.8
,1.0,3,0.09224318658280922,4770,481,0.0481,49.470486879348755,9.722968790929595,joint_polarization_fidelity_x_efficiency.json,,0.8
,0.5,1,0.046218487394957986,2382,985,0.0985,48.8626172542572,20.158559965679714,joint_polarization_fidelity_x_efficiency.json,,0.9
,0.5,2,0.08189655172413793,2329,382,0.0382,48.3498420715332,7.900749695000742,joint_polarization_fidelity_x_efficiency.json,,0.9
,0.5,3,0.07468879668049792,2411,506,0.0506,52.07250213623047,9.717220783365056,joint_polarization_fidelity_x_efficiency.json,,0.9
,0.8,1,0.04509283819628647,3778,1597,0.1597,48.854628801345825,32.688816580589936,joint_polarization_fidelity_x_efficiency.json,,0.9
,0.8,2,0.031914893617021274,3765,2006,0.2006,48.89102387428284,41.030026394173674,joint_polarization_fidelity_x_efficiency.json,,0.9
,0.8,3,0.05194805194805195,3851,1423,0.1423,47.77826166152954,29.78341928973489,joint_polarization_fidelity_x_efficiency.json,,0.9
,1.0,1,0.04612159329140461,4778,1981,0.1981,50.860034704208374,38.950032407981894,joint_polarization_fidelity_x_efficiency.json,,0.9
,1.0,2,0.05660377358490566,4779,1601,0.1601,49.144330739974976,32.577511503228486,joint_polarization_fidelity_x_efficiency.json,,0.9
,1.0,3,0.056842105263157895,4755,1585,0.1585,47.95149850845337,33.05423290829129,joint_polarization_fidelity_x_efficiency.json,,0.9
,0.5,1,0.0,2324,2092,0.2092,48.50922870635986,43.12581452621047,joint_polarization_fidelity_x_efficiency.json,,1.0
,0.5,2,0.0,2333,2100,0.21,49.16993832588196,42.70902245355486,joint_polarization_fidelity_x_efficiency.json,,1.0
,0.5,3,0.0,2302,2072,0.2072,49.070760011672974,42.224738306623166,joint_polarization_fidelity_x_efficiency.json,,1.0
,0.8,1,0.0,3887,3499,0.3499,49.31971716880798,70.94525680315388,joint_polarization_fidelity_x_efficiency.json,,1.0
,0.8,2,0.0,3788,3410,0.341,48.39917707443237,70.45574338497144,joint_polarization_fidelity_x_efficiency.json,,1.0
,0.8,3,0.0,3812,3431,0.3431,49.33385133743286,69.54656705256403,joint_polarization_fidelity_x_efficiency.json,,1.0
,1.0,1,0.0,4831,4348,0.4348,49.26295828819275,88.26104138049948,joint_polarization_fidelity_x_efficiency.json,,1.0
,1.0,2,0.0,4652,4187,0.4187,49.20750570297241,85.08864532320892,joint_polarization_fidelity_x_efficiency.json,,1.0
,1.0,3,0.0,4816,4335,0.4335,50.01752686500549,86.66961906573115,joint_polarization_fidelity_x_efficiency.json,,1.0
1.0,,1,0.09973753280839895,3819,218,0.0218,49.73721432685852,4.383035981214536,joint_polarization_fidelity_x_latency_ms.json,,0.8
1.0,,2,0.10966057441253264,3830,7,0.0007,48.98432374000549,0.14290286086532417,joint_polarization_fidelity_x_latency_ms.json,,0.8
1.0,,3,0.08136482939632546,3810,637,0.0637,50.016152143478394,12.73588576291666,joint_polarization_fidelity_x_latency_ms.json,,0.8
100.0,,1,0.1038961038961039,3850,130,0.013,93.37374949455261,1.3922542545813066,joint_polarization_fidelity_x_latency_ms.json,,0.8
100.0,,2,0.10077519379844961,3871,198,0.0198,94.62004327774048,2.092579892600618,joint_polarization_fidelity_x_latency_ms.json,,0.8
100.0,,3,0.08042895442359249,3736,647,0.0647,92.1738612651825,7.019343565727305,joint_polarization_fidelity_x_latency_ms.json,,0.8
200.0,,1,0.09511568123393316,3892,327,0.0327,133.5271384716034,2.4489403707961706,joint_polarization_fidelity_x_latency_ms.json,,0.8
200.0,,2,0.08854166666666667,3841,473,0.0473,132.0572009086609,3.5817812034889087,joint_polarization_fidelity_x_latency_ms.json,,0.8
200.0,,3,0.09162303664921466,3824,400,0.04,125.8232638835907,3.179062342319084,joint_polarization_fidelity_x_latency_ms.json,,0.8
1.0,,1,0.05194805194805195,3851,1423,0.1423,48.442665338516235,29.374931995506618,joint_polarization_fidelity_x_latency_ms.json,,0.9
1.0,,2,0.05141388174807198,3890,1453,0.1453,54.04131817817688,26.886834906753897,joint_polarization_fidelity_x_latency_ms.json,,0.9
1.0,,3,0.031578947368421054,3808,2041,0.2041,50.245572090148926,40.62049480376313,joint_polarization_fidelity_x_latency_ms.json,,0.9
100.0,,1,0.05759162303664921,3820,1252,0.1252,94.04779171943665,13.312380621705252,joint_polarization_fidelity_x_latency_ms.json,,0.9
100.0,,2,0.049738219895287955,3823,1477,0.1477,92.8877305984497,15.900915981950485,joint_polarization_fidelity_x_latency_ms.json,,0.9
100.0,,3,0.03937007874015748,3819,1791,0.1791,86.8396692276001,20.624214900058252,joint_polarization_fidelity_x_latency_ms.json,,0.9
200.0,,1,0.07360406091370558,3942,856,0.0856,132.78595757484436,6.446464789151507,joint_polarization_fidelity_x_latency_ms.json,,0.9
200.0,,2,0.05585106382978723,3768,1283,0.1283,132.84657263755798,9.657757626163056,joint_polarization_fidelity_x_latency_ms.json,,0.9
200.0,,3,0.03978779840848806,3773,1756,0.1756,132.08507442474365,13.29446197950619,joint_polarization_fidelity_x_latency_ms.json,,0.9
1.0,,1,0.0,3805,3425,0.3425,49.31229114532471,69.45530050320373,joint_polarization_fidelity_x_latency_ms.json,,1.0
1.0,,2,0.0,3823,3441,0.3441,52.31703495979309,65.77207601012734,joint_polarization_fidelity_x_latency_ms.json,,1.0
1.0,,3,0.0,3814,3433,0.3433,49.28618144989014,69.65441223094902,joint_polarization_fidelity_x_latency_ms.json,,1.0
100.0,,1,0.0,3821,3439,0.3439,94.17854523658752,36.51574773597139,joint_polarization_fidelity_x_latency_ms.json,,1.0
100.0,,2,0.0,3838,3455,0.3455,90.94735455513,37.98901042147043,joint_polarization_fidelity_x_latency_ms.json,,1.0
100.0,,3,0.0,3766,3390,0.339,94.00428128242493,36.062187314800475,joint_polarization_fidelity_x_latency_ms.json,,1.0
200.0,,1,0.0,3820,3438,0.3438,131.2579915523529,26.19269089325305,joint_polarization_fidelity_x_latency_ms.json,,1.0
200.0,,2,0.0,3753,3378,0.3378,128.7362961769104,26.23968608944541,joint_polarization_fidelity_x_latency_ms.json,,1.0
200.0,,3,0.0,3795,3416,0.3416,133.6715750694275,25.55517130867777,joint_polarization_fidelity_x_latency_ms.json,,1.0
,,1,0.10051546391752578,3880,205,0.0205,52.53991651535034,3.901795312904734,joint_polarization_fidelity_x_loss_pct.json,1.0,0.8
,,2,0.08877284595300261,3836,467,0.0467,51.94772148132324,8.989807188519336,joint_polarization_fidelity_x_loss_pct.json,1.0,0.8
,,3,0.109375,3846,13,0.0013,48.92571139335632,0.2657089622158317,joint_polarization_fidelity_x_loss_pct.json,1.0,0.8
,,1,0.07772020725388601,3865,736,0.0736,54.17735552787781,13.585011539023526,joint_polarization_fidelity_x_loss_pct.json,10.0,0.8
,,2,0.06631299734748011,3772,1004,0.1004,93.58274435997009,10.728473575620633,joint_polarization_fidelity_x_loss_pct.json,10.0,0.8
,,3,0.07105263157894737,3805,891,0.0891,54.36573314666748,16.388999990053783,joint_polarization_fidelity_x_loss_pct.json,10.0,0.8
,,1,0.10025706940874037,3894,211,0.0211,65.51845383644104,3.220466718075127,joint_polarization_fidelity_x_loss_pct.json,15.0,0.8
,,2,0.10846560846560846,3782,32,0.0032,97.49465656280518,0.32822311630367035,joint_polarization_fidelity_x_loss_pct.json,15.0,0.8
,,3,0.10846560846560846,3780,32,0.0032,122.96002554893494,0.2602471807983223,joint_polarization_fidelity_x_loss_pct.json,15.0,0.8
,,1,0.02406417112299465,3748,2269,0.2269,48.915024280548096,46.38656595540743,joint_polarization_fidelity_x_loss_pct.json,1.0,0.9
,,2,0.034031413612565446,3823,1966,0.1966,51.758339643478394,37.984216911558484,joint_polarization_fidelity_x_loss_pct.json,1.0,0.9
,,3,0.055408970976253295,3794,1304,0.1304,49.5463171005249,26.318807861224162,joint_polarization_fidelity_x_loss_pct.json,1.0,0.9
,,1,0.05319148936170213,3761,1355,0.1355,56.83009147644043,23.843002268643733,joint_polarization_fidelity_x_loss_pct.json,10.0,0.9
,,2,0.06702412868632708,3735,976,0.0976,117.06025266647339,8.337586651045484,joint_polarization_fidelity_x_loss_pct.json,10.0,0.9
,,3,0.04521276595744681,3765,1588,0.1588,74.61720323562622,21.28195551614838,joint_polarization_fidelity_x_loss_pct.json,10.0,0.9
,,1,0.042440318302387266,3779,1678,0.1678,85.07879400253296,19.722893579686176,joint_polarization_fidelity_x_loss_pct.json,15.0,0.9
,,2,0.05167958656330749,3873,1439,0.1439,72.44091939926147,19.864463509482604,joint_polarization_fidelity_x_loss_pct.json,15.0,0.9
,,3,0.06036745406824147,3810,1173,0.1173,143.19742345809937,8.19148816838334,joint_polarization_fidelity_x_loss_pct.json,15.0,0.9
,,1,0.0,3810,3429,0.3429,51.361315965652466,66.76230808208109,joint_polarization_fidelity_x_loss_pct.json,1.0,1.0
,,2,0.0,3875,3488,0.3488,52.526087045669556,66.40509880294925,joint_polarization_fidelity_x_loss_pct.json,1.0,1.0
,,3,0.0,3812,3431,0.3431,48.82971787452698,70.26458782367554,joint_polarization_fidelity_x_loss_pct.json,1.0,1.0
,,1,0.0,3828,3446,0.3446,64.55815410614014,53.37823002706099,joint_polarization_fidelity_x_loss_pct.json,10.0,1.0
,,2,0.0,3803,3423,0.3423,55.24984073638916,61.954929722458225,joint_polarization_fidelity_x_loss_pct.json,10.0,1.0
,,3,0.0,3726,3354,0.3354,53.77480626106262,62.37121494621863,joint_polarization_fidelity_x_loss_pct.json,10.0,1.0
,,1,0.0,3777,3400,0.34,90.04252219200134,37.759937385472625,joint_polarization_fidelity_x_loss_pct.json,15.0,1.0
,,2,0.0,3777,3400,0.34,173.1561839580536,19.635452354526574,joint_polarization_fidelity_x_loss_pct.json,15.0,1.0
,,3,0.0,3823,3441,0.3441,97.50177955627441,35.2916635538327,joint_polarization_fidelity_x_loss_pct.json,15.0,1.0
