axis,value,condition,run,qber,sifted_bits,final_key_bits,secure_key_rate,elapsed_seconds,key_bits_per_sec,success,fail_reason
latency_ms,1.0,latency_1ms,1,0.005291005291005291,3785,3082,0.3082,49.53661799430847,62.21660106780216,True,
latency_ms,1.0,latency_1ms,2,0.010498687664041995,3818,2859,0.2859,49.79785871505737,57.41210714217968,True,
latency_ms,1.0,latency_1ms,3,0.007957559681697613,3776,2944,0.2944,49.670618534088135,59.27045176575727,True,
latency_ms,1.0,latency_1ms,4,0.007792207792207792,3853,3011,0.3011,49.65957188606262,60.632822347086375,True,
latency_ms,1.0,latency_1ms,5,0.007772020725388601,3869,3025,0.3025,49.33382272720337,61.316959294378215,True,
latency_ms,50.0,latency_50ms,1,0.018134715025906734,3861,2565,0.2565,69.31813788414001,37.003302141312595,True,
latency_ms,50.0,latency_50ms,2,0.005235602094240838,3829,3121,0.3121,68.20243000984192,45.760832855216826,True,
latency_ms,50.0,latency_50ms,3,0.013262599469496022,3777,2708,0.2708,69.45015263557434,38.991994937861165,True,
latency_ms,50.0,latency_50ms,4,0.023936170212765957,3769,2286,0.2286,62.64900231361389,36.48900885215282,True,
latency_ms,50.0,latency_50ms,5,0.005235602094240838,3820,3113,0.3113,69.78905940055847,44.60584548263863,True,
latency_ms,100.0,latency_100ms,1,0.0051813471502590676,3862,3150,0.315,94.0736620426178,33.48439862554695,True,
latency_ms,100.0,latency_100ms,2,0.018134715025906734,3869,2571,0.2571,94.80069255828857,27.120055039884974,True,
latency_ms,100.0,latency_100ms,3,0.0079155672823219,3795,2960,0.296,88.1339020729065,33.585259819217086,True,
latency_ms,100.0,latency_100ms,4,0.007936507936507936,3784,2951,0.2951,91.7364068031311,32.168253617486116,True,
latency_ms,100.0,latency_100ms,5,0.010443864229765013,3832,2871,0.2871,92.29108262062073,31.108097537459468,True,
latency_ms,150.0,latency_150ms,1,0.015873015873015872,3782,2603,0.2603,110.96290946006775,23.45828901446336,True,
latency_ms,150.0,latency_150ms,2,0.013054830287206266,3834,2757,0.2757,111.89155554771423,24.639929139463295,True,
latency_ms,150.0,latency_150ms,3,0.005194805194805195,3850,3140,0.314,113.30969095230103,27.71166326207542,True,
latency_ms,150.0,latency_150ms,4,0.0103359173126615,3874,2908,0.2908,113.90522718429565,25.529996049214954,True,
latency_ms,150.0,latency_150ms,5,0.013020833333333334,3845,2767,0.2767,112.22999787330627,24.654727367308688,True,
latency_ms,200.0,latency_200ms,1,0.020833333333333332,3840,2446,0.2446,130.81180214881897,18.69861862477279,True,
latency_ms,200.0,latency_200ms,2,0.007874015748031496,3815,2978,0.2978,133.3069713115692,22.33941684144729,True,
latency_ms,200.0,latency_200ms,3,0.020618556701030927,3884,2482,0.2482,122.10698676109314,20.326437215719075,True,
latency_ms,200.0,latency_200ms,4,0.0158311345646438,3790,2610,0.261,128.67509388923645,20.28364558448808,True,
latency_ms,200.0,latency_200ms,5,0.023622047244094488,3818,2328,0.2328,130.10203099250793,17.893648409947268,True,
jitter_ms,5.0,jitter_50pm5ms,1,0.010610079575596816,3778,2824,0.2824,53.548935890197754,52.73680892166784,True,
jitter_ms,5.0,jitter_50pm5ms,2,0.010498687664041995,3819,2859,0.2859,54.10224938392639,52.844383229089914,True,
jitter_ms,5.0,jitter_50pm5ms,3,0.021108179419525065,3799,2410,0.241,52.45608472824097,45.9431925292457,True,
jitter_ms,5.0,jitter_50pm5ms,4,0.010443864229765013,3839,2877,0.2877,54.016759395599365,53.261247660746996,True,
jitter_ms,5.0,jitter_50pm5ms,5,0.020887728459530026,3830,2437,0.2437,52.77939319610596,46.17332357242411,True,
jitter_ms,10.0,jitter_50pm10ms,1,0.015665796344647518,3837,2650,0.265,52.8895046710968,50.1044586535555,True,
jitter_ms,10.0,jitter_50pm10ms,2,0.010582010582010581,3788,2832,0.2832,53.87119817733765,52.56983501048908,True,
jitter_ms,10.0,jitter_50pm10ms,3,0.013333333333333334,3755,2689,0.2689,52.546396017074585,51.17382358870489,True,
jitter_ms,10.0,jitter_50pm10ms,4,0.008021390374331552,3742,2914,0.2914,54.10393023490906,53.859303517285376,True,
jitter_ms,10.0,jitter_50pm10ms,5,0.015748031496062992,3810,2627,0.2627,52.972663164138794,49.59161656381315,True,
jitter_ms,20.0,jitter_50pm20ms,1,0.01278772378516624,3916,2828,0.2828,53.188817501068115,53.169070734524404,True,
jitter_ms,20.0,jitter_50pm20ms,2,0.021052631578947368,3800,2412,0.2412,52.76983952522278,45.70792751505562,True,
jitter_ms,20.0,jitter_50pm20ms,3,0.010498687664041995,3815,2856,0.2856,51.31760787963867,55.65341250314159,True,
jitter_ms,20.0,jitter_50pm20ms,4,0.012755102040816327,3929,2839,0.2839,54.384223222732544,52.20263951132984,True,
jitter_ms,20.0,jitter_50pm20ms,5,0.021052631578947368,3801,2413,0.2413,52.89788460731506,45.616190853619024,True,
jitter_ms,30.0,jitter_50pm30ms,1,0.012987012987012988,3858,2778,0.2778,52.138423442840576,53.28124282556271,True,
jitter_ms,30.0,jitter_50pm30ms,2,0.007936507936507936,3783,2950,0.295,53.10459613800049,55.550747290008005,True,
jitter_ms,30.0,jitter_50pm30ms,3,0.007772020725388601,3860,3017,0.3017,53.16934537887573,56.743222593796666,True,
jitter_ms,30.0,jitter_50pm30ms,4,0.01038961038961039,3856,2892,0.2892,51.9301552772522,55.690185876775715,True,
jitter_ms,30.0,jitter_50pm30ms,5,0.010666666666666666,3750,2800,0.28,53.375463008880615,52.45856133433701,True,
jitter_ms,50.0,jitter_50pm50ms,1,0.007832898172323759,3836,2996,0.2996,53.67566466331482,55.81672847076353,True,
jitter_ms,50.0,jitter_50pm50ms,2,0.0,3818,3437,0.3437,52.73908543586731,65.16988248079349,True,
jitter_ms,50.0,jitter_50pm50ms,3,0.015873015873015872,3785,2605,0.2605,52.48660087585449,49.63171469536681,True,
jitter_ms,50.0,jitter_50pm50ms,4,0.02368421052631579,3809,2320,0.232,52.67903709411621,44.04028866084046,True,
jitter_ms,50.0,jitter_50pm50ms,5,0.007853403141361256,3829,2990,0.299,51.798513412475586,57.723664310409795,True,
loss_pct,1.0,loss_1pct,1,0.007894736842105263,3803,2967,0.2967,50.58181285858154,58.657446863267744,True,
loss_pct,1.0,loss_1pct,2,0.021108179419525065,3797,2408,0.2408,50.00821375846863,48.15208980729126,True,
loss_pct,1.0,loss_1pct,3,0.024324324324324326,3702,2231,0.2231,50.45766735076904,44.215282178834144,True,
loss_pct,1.0,loss_1pct,4,0.015957446808510637,3769,2591,0.2591,49.14258813858032,52.72412581717254,True,
loss_pct,1.0,loss_1pct,5,0.007894736842105263,3805,2969,0.2969,49.975924015045166,59.40860641428436,True,
loss_pct,5.0,loss_5pct,1,0.012987012987012988,3853,2774,0.2774,52.08261442184448,53.26153517432737,True,
loss_pct,5.0,loss_5pct,2,0.010126582278481013,3957,2980,0.298,55.25838351249695,53.92846859745831,True,
loss_pct,5.0,loss_5pct,3,0.010554089709762533,3794,2838,0.2838,51.94734859466553,54.63223969608786,True,
loss_pct,5.0,loss_5pct,4,0.007853403141361256,3821,2983,0.2983,57.982911586761475,51.446191961858496,True,
loss_pct,5.0,loss_5pct,5,0.012987012987012988,3851,2772,0.2772,51.51499533653259,53.80957489933415,True,
loss_pct,10.0,loss_10pct,1,0.005221932114882507,3837,3128,0.3128,61.07633352279663,51.21460015003159,True,
loss_pct,10.0,loss_10pct,2,0.015915119363395226,3771,2594,0.2594,64.88617420196533,39.9776999014596,True,
loss_pct,10.0,loss_10pct,3,0.013157894736842105,3805,2732,0.2732,61.02856755256653,44.765920446138786,True,
loss_pct,10.0,loss_10pct,4,0.0160857908847185,3732,2560,0.256,55.418267011642456,46.19415470826951,True,
loss_pct,10.0,loss_10pct,5,0.010666666666666666,3753,2802,0.2802,65.83871698379517,42.558545007638195,True,
loss_pct,13.0,loss_13pct,1,0.008021390374331552,3745,2916,0.2916,61.541513204574585,47.382650314539944,True,
loss_pct,13.0,loss_13pct,2,0.015957446808510637,3761,2585,0.2585,75.18261504173279,34.38294875171745,True,
loss_pct,13.0,loss_13pct,3,0.0078125,3844,3003,0.3003,71.40539264678955,42.05564718136198,True,
loss_pct,13.0,loss_13pct,4,0.010362694300518135,3866,2901,0.2901,73.38764929771423,39.529812274425254,True,
loss_pct,13.0,loss_13pct,5,0.01837270341207349,3818,2528,0.2528,261.7445864677429,9.658270431169157,True,
loss_pct,15.0,loss_15pct,1,0.007874015748031496,3811,2974,0.2974,85.7234411239624,34.69296100350635,True,
loss_pct,15.0,loss_15pct,2,0.0053475935828877,3741,3043,0.3043,93.11966252326965,32.67838303472787,True,
loss_pct,15.0,loss_15pct,3,0.005208333333333333,3840,3131,0.3131,78.98024725914001,39.64282347365865,True,
loss_pct,15.0,loss_15pct,4,0.007894736842105263,3807,2971,0.2971,96.04921960830688,30.932057669139574,True,
loss_pct,15.0,loss_15pct,5,0.015873015873015872,3787,2607,0.2607,73.7808165550232,35.334388012035475,True,
attenuation_db_per_km,0.1,attenuation_db_per_km_0.1,1,0.0,3846,3462,0.3462,48.981316566467285,70.68001112836752,True,
attenuation_db_per_km,0.1,attenuation_db_per_km_0.1,2,0.007832898172323759,3830,2991,0.2991,48.939369201660156,61.11643956167987,True,
attenuation_db_per_km,0.1,attenuation_db_per_km_0.1,3,0.015957446808510637,3765,2588,0.2588,48.83264374732971,52.99733541748942,True,
attenuation_db_per_km,0.1,attenuation_db_per_km_0.1,4,0.023746701846965697,3792,2307,0.2307,49.73510479927063,46.38574723650391,True,
attenuation_db_per_km,0.1,attenuation_db_per_km_0.1,5,0.010471204188481676,3821,2861,0.2861,50.37185311317444,56.79759276618163,True,
attenuation_db_per_km,0.2,attenuation_db_per_km_0.2,1,0.01038961038961039,3850,2887,0.2887,49.15521216392517,58.73232711054716,True,
attenuation_db_per_km,0.2,attenuation_db_per_km_0.2,2,0.013404825737265416,3736,2672,0.2672,48.89336037635803,54.64954708435264,True,
attenuation_db_per_km,0.2,attenuation_db_per_km_0.2,3,0.005221932114882507,3836,3127,0.3127,48.72067189216614,64.18220189822125,True,
attenuation_db_per_km,0.2,attenuation_db_per_km_0.2,4,0.010362694300518135,3863,2898,0.2898,48.73583936691284,59.46342645670069,True,
attenuation_db_per_km,0.2,attenuation_db_per_km_0.2,5,0.015463917525773196,3881,2688,0.2688,48.91707944869995,54.95013255684948,True,
attenuation_db_per_km,0.3,attenuation_db_per_km_0.3,1,0.010498687664041995,3812,2854,0.2854,49.686219453811646,57.4404740665182,True,
attenuation_db_per_km,0.3,attenuation_db_per_km_0.3,2,0.005305039787798408,3773,3071,0.3071,49.220176219940186,62.393112659273044,True,
attenuation_db_per_km,0.3,attenuation_db_per_km_0.3,3,0.015957446808510637,3761,2585,0.2585,47.999208211898804,53.8550550373285,True,
attenuation_db_per_km,0.3,attenuation_db_per_km_0.3,4,0.0079155672823219,3790,2956,0.2956,48.87784743309021,60.47729503731774,True,
attenuation_db_per_km,0.3,attenuation_db_per_km_0.3,5,0.005263157894736842,3803,3098,0.3098,48.83051037788391,63.44394060241344,True,
attenuation_db_per_km,0.35,attenuation_db_per_km_0.35,1,0.010582010582010581,3784,2829,0.2829,48.028430461883545,58.90261190702783,True,
attenuation_db_per_km,0.35,attenuation_db_per_km_0.35,2,0.002617801047120419,3823,3260,0.326,48.94849729537964,66.60061452607083,True,
attenuation_db_per_km,0.35,attenuation_db_per_km_0.35,3,0.015748031496062992,3815,2631,0.2631,48.9281005859375,53.77278023247401,True,
attenuation_db_per_km,0.35,attenuation_db_per_km_0.35,4,0.005249343832020997,3811,3105,0.3105,49.253166913986206,63.041631524373855,True,
attenuation_db_per_km,0.35,attenuation_db_per_km_0.35,5,0.013020833333333334,3846,2768,0.2768,48.885584592819214,56.62200877938546,True,
attenuation_db_per_km,0.4,attenuation_db_per_km_0.4,1,0.007792207792207792,3854,3012,0.3012,48.97243356704712,61.503988685314866,True,
attenuation_db_per_km,0.4,attenuation_db_per_km_0.4,2,0.010498687664041995,3815,2856,0.2856,48.87380862236023,58.43620705044364,True,
attenuation_db_per_km,0.4,attenuation_db_per_km_0.4,3,0.007772020725388601,3861,3018,0.3018,49.577762603759766,60.874066143741786,True,
attenuation_db_per_km,0.4,attenuation_db_per_km_0.4,4,0.013368983957219251,3747,2682,0.2682,49.12787413597107,54.5922258426456,True,
attenuation_db_per_km,0.4,attenuation_db_per_km_0.4,5,0.0026595744680851063,3762,3205,0.3205,51.73328399658203,61.95237867002125,True,
distance_km,1.0,distance_km_1,1,0.010471204188481676,3822,2862,0.2862,49.27979040145874,58.07654571345907,True,
distance_km,1.0,distance_km_1,2,0.010443864229765013,3831,2870,0.287,48.41123151779175,59.28376349908054,True,
distance_km,1.0,distance_km_1,3,0.013333333333333334,3759,2692,0.2692,48.4426691532135,55.570843784139896,True,
distance_km,1.0,distance_km_1,4,0.010638297872340425,3766,2813,0.2813,48.032886028289795,58.56404294222994,True,
distance_km,1.0,distance_km_1,5,0.007894736842105263,3801,2966,0.2966,48.95437502861023,60.587026149687155,True,
distance_km,10.0,distance_km_10,1,0.010554089709762533,3797,2840,0.284,48.10043478012085,59.0431253476679,True,
distance_km,10.0,distance_km_10,2,0.010554089709762533,3791,2835,0.2835,48.80117607116699,58.092862267616376,True,
distance_km,10.0,distance_km_10,3,0.015384615384615385,3906,2709,0.2709,48.51396918296814,55.83958694006534,True,
distance_km,10.0,distance_km_10,4,0.007936507936507936,3781,2948,0.2948,50.182992696762085,58.745001873716696,True,
distance_km,10.0,distance_km_10,5,0.005263157894736842,3805,3100,0.31,48.82595634460449,63.49081988524256,True,
distance_km,50.0,distance_km_50,1,0.010666666666666666,3759,2807,0.2807,50.71172380447388,55.352091970345555,True,
distance_km,50.0,distance_km_50,2,0.010256410256410256,3904,2934,0.2934,48.96881055831909,59.915688507601615,True,
distance_km,50.0,distance_km_50,3,0.0103359173126615,3872,2906,0.2906,49.56946873664856,58.62479615101232,True,
distance_km,50.0,distance_km_50,4,0.010471204188481676,3829,2868,0.2868,50.69758486747742,56.570742127004685,True,
distance_km,50.0,distance_km_50,5,0.0026455026455026454,3784,3225,0.3225,53.63070034980774,60.13346793841676,True,
distance_km,75.0,distance_km_75,1,0.010723860589812333,3738,2789,0.2789,50.27469277381897,55.47522711968513,True,
distance_km,75.0,distance_km_75,2,0.0026041666666666665,3843,3278,0.3278,47.72392296791077,68.68672556956611,True,
distance_km,75.0,distance_km_75,3,0.005221932114882507,3839,3130,0.313,47.50664162635803,65.88552448345217,True,
distance_km,75.0,distance_km_75,4,0.013054830287206266,3838,2761,0.2761,50.39888525009155,54.78295772414896,True,
distance_km,75.0,distance_km_75,5,0.008130081300813009,3690,2868,0.2868,48.113394021987915,59.609180734356805,True,
distance_km,100.0,distance_km_100,1,0.015665796344647518,3832,2646,0.2646,49.57347655296326,53.37531647942967,True,
distance_km,100.0,distance_km_100,2,0.010610079575596816,3775,2821,0.2821,48.906174421310425,57.681878277741035,True,
distance_km,100.0,distance_km_100,3,0.010416666666666666,3840,2878,0.2878,48.432382106781006,59.42305281732265,True,
distance_km,100.0,distance_km_100,4,0.0078125,3846,3005,0.3005,49.24928665161133,61.016112197874506,True,
distance_km,100.0,distance_km_100,5,0.010416666666666666,3848,2885,0.2885,48.708850145339966,59.229482761173564,True,
polarization_fidelity,0.8,polarization_fidelity_0.8,1,0.09090909090909091,3855,419,0.0419,51.118627071380615,8.196620762426193,True,
polarization_fidelity,0.8,polarization_fidelity_0.8,2,0.1171875,3847,0,0.0,48.84031915664673,0.0,False,qber_and_rate
polarization_fidelity,0.8,polarization_fidelity_0.8,3,0.08421052631578947,3805,569,0.0569,48.89106607437134,11.638118079373799,True,
polarization_fidelity,0.8,polarization_fidelity_0.8,4,0.11197916666666667,3848,0,0.0,48.89583730697632,0.0,False,qber_and_rate
polarization_fidelity,0.8,polarization_fidelity_0.8,5,0.0859375,3840,533,0.0533,48.39338970184326,11.013900933244576,True,
polarization_fidelity,0.85,polarization_fidelity_0.85,1,0.06153846153846154,3909,1171,0.1171,48.87941122055054,23.956917048699484,True,
polarization_fidelity,0.85,polarization_fidelity_0.85,2,0.06133333333333333,3751,1129,0.1129,50.43763089179993,22.384080696057257,True,
polarization_fidelity,0.85,polarization_fidelity_0.85,3,0.04922279792746114,3863,1508,0.1508,50.74007534980774,29.720097765004876,True,
polarization_fidelity,0.85,polarization_fidelity_0.85,4,0.07253886010362694,3864,867,0.0867,50.69512963294983,17.10223459881409,True,
polarization_fidelity,0.85,polarization_fidelity_0.85,5,0.05263157894736842,3809,1388,0.1388,49.22312879562378,28.198126245956985,True,
polarization_fidelity,0.9,polarization_fidelity_0.9,1,0.051490514905149054,3698,1380,0.138,47.97974991798401,28.762134074457556,True,
polarization_fidelity,0.9,polarization_fidelity_0.9,2,0.047244094488188976,3819,1550,0.155,48.895638942718506,31.700168634994892,True,
polarization_fidelity,0.9,polarization_fidelity_0.9,3,0.03664921465968586,3823,1880,0.188,48.86391234397888,38.474201303524104,True,
polarization_fidelity,0.9,polarization_fidelity_0.9,4,0.03978779840848806,3773,1756,0.1756,48.38488817214966,36.29232320951717,True,
polarization_fidelity,0.9,polarization_fidelity_0.9,5,0.0481283422459893,3744,1493,0.1493,48.05166149139404,31.070725832599845,True,
polarization_fidelity,0.95,polarization_fidelity_0.95,1,0.018134715025906734,3869,2571,0.2571,48.277339458465576,53.25479881118775,True,
polarization_fidelity,0.95,polarization_fidelity_0.95,2,0.031578947368421054,3804,2038,0.2038,48.539021492004395,41.98683733943236,True,
polarization_fidelity,0.95,polarization_fidelity_0.95,3,0.023376623376623377,3854,2358,0.2358,48.74072217941284,48.378437876244156,True,
polarization_fidelity,0.95,polarization_fidelity_0.95,4,0.02894736842105263,3803,2128,0.2128,48.97638940811157,43.44950752224206,True,
polarization_fidelity,0.95,polarization_fidelity_0.95,5,0.033854166666666664,3843,1982,0.1982,48.87294960021973,40.55413099092119,True,
polarization_fidelity,1.0,polarization_fidelity_1.0,1,0.0,3813,3432,0.3432,51.325451374053955,66.86740999096104,True,
polarization_fidelity,1.0,polarization_fidelity_1.0,2,0.0,3799,3420,0.342,49.8917772769928,68.5483698248029,True,
polarization_fidelity,1.0,polarization_fidelity_1.0,3,0.0,3886,3498,0.3498,49.2641978263855,71.0049113623545,True,
polarization_fidelity,1.0,polarization_fidelity_1.0,4,0.0,3784,3406,0.3406,50.54611849784851,67.38400694694245,True,
polarization_fidelity,1.0,polarization_fidelity_1.0,5,0.0,3884,3496,0.3496,49.29464817047119,70.92047777499297,True,
dark_count_rate_hz,100.0,dark_count_rate_hz_100,1,0.007957559681697613,3779,2946,0.2946,47.76876950263977,61.67209309917853,True,
dark_count_rate_hz,100.0,dark_count_rate_hz_100,2,0.007853403141361256,3829,2990,0.299,48.87093377113342,61.181560679859615,True,
dark_count_rate_hz,100.0,dark_count_rate_hz_100,3,0.01038961038961039,3852,2888,0.2888,48.429898262023926,59.63258449098605,True,
dark_count_rate_hz,100.0,dark_count_rate_hz_100,4,0.010582010582010581,3783,2828,0.2828,48.931390047073364,57.79521074875218,True,
dark_count_rate_hz,100.0,dark_count_rate_hz_100,5,0.018421052631578946,3800,2513,0.2513,48.937767028808594,51.35093308447547,True,
dark_count_rate_hz,1000.0,dark_count_rate_hz_1000,1,0.002652519893899204,3777,3219,0.3219,48.99339556694031,65.70273325109379,True,
dark_count_rate_hz,1000.0,dark_count_rate_hz_1000,2,0.01837270341207349,3819,2528,0.2528,48.59530735015869,52.02148392198089,True,
dark_count_rate_hz,1000.0,dark_count_rate_hz_1000,3,0.007874015748031496,3814,2977,0.2977,48.18143153190613,61.78728828404791,True,
dark_count_rate_hz,1000.0,dark_count_rate_hz_1000,4,0.013157894736842105,3804,2731,0.2731,48.8658082485199,55.88774846638743,True,
dark_count_rate_hz,1000.0,dark_count_rate_hz_1000,5,0.015584415584415584,3855,2665,0.2665,48.93203258514404,54.463300607077265,True,
dark_count_rate_hz,10000.0,dark_count_rate_hz_10000,1,0.007936507936507936,3786,2952,0.2952,49.249786615371704,59.93934599259015,True,
dark_count_rate_hz,10000.0,dark_count_rate_hz_10000,2,0.005263157894736842,3806,3101,0.3101,48.9029803276062,63.41126817273866,True,
dark_count_rate_hz,10000.0,dark_count_rate_hz_10000,3,0.010554089709762533,3792,2836,0.2836,48.98169255256653,57.89918339298792,True,
dark_count_rate_hz,10000.0,dark_count_rate_hz_10000,4,0.0158311345646438,3792,2612,0.2612,47.7450168132782,54.707279928605786,True,
dark_count_rate_hz,10000.0,dark_count_rate_hz_10000,5,0.01832460732984293,3820,2530,0.253,48.940213203430176,51.695729021112534,True,
dark_count_rate_hz,100000.0,dark_count_rate_hz_100000,1,0.013020833333333334,3845,2767,0.2767,49.32734131813049,56.09465108112317,True,
dark_count_rate_hz,100000.0,dark_count_rate_hz_100000,2,0.005194805194805195,3854,3143,0.3143,48.9390344619751,64.22276276092174,True,
dark_count_rate_hz,100000.0,dark_count_rate_hz_100000,3,0.005194805194805195,3852,3141,0.3141,48.84461283683777,64.30596574677139,True,
dark_count_rate_hz,100000.0,dark_count_rate_hz_100000,4,0.015957446808510637,3765,2588,0.2588,48.794349670410156,53.03892802099202,True,
dark_count_rate_hz,100000.0,dark_count_rate_hz_100000,5,0.013192612137203167,3793,2722,0.2722,48.82890248298645,55.7456723699336,True,
dark_count_rate_hz,1000000.0,dark_count_rate_hz_1000000,1,0.007894736842105263,3801,2966,0.2966,49.28034472465515,60.18626729524679,True,
dark_count_rate_hz,1000000.0,dark_count_rate_hz_1000000,2,0.002638522427440633,3794,3234,0.3234,49.36636996269226,65.51018441185846,True,
dark_count_rate_hz,1000000.0,dark_count_rate_hz_1000000,3,0.010554089709762533,3799,2842,0.2842,49.624414920806885,57.27019662670895,True,
dark_count_rate_hz,1000000.0,dark_count_rate_hz_1000000,4,0.015584415584415584,3854,2665,0.2665,48.94262766838074,54.45151041045793,True,
dark_count_rate_hz,1000000.0,dark_count_rate_hz_1000000,5,0.010416666666666666,3846,2883,0.2883,47.74158334732056,60.38760757107996,True,
efficiency,0.5,efficiency_0.5,1,0.01702127659574468,2359,1595,0.1595,48.87742781639099,32.6326501057226,True,
efficiency,0.5,efficiency_0.5,2,0.008333333333333333,2402,1861,0.1861,48.45234656333923,38.40887246951417,True,
efficiency,0.5,efficiency_0.5,3,0.012875536480686695,2339,1687,0.1687,49.38474798202515,34.16034441674233,True,
efficiency,0.5,efficiency_0.5,4,0.004201680672268907,2386,1979,0.1979,48.46026659011841,40.83757971739141,True,
efficiency,0.5,efficiency_0.5,5,0.01293103448275862,2323,1674,0.1674,48.41343855857849,34.577176293200516,True,
efficiency,0.6,efficiency_0.6,1,0.006944444444444444,2887,2288,0.2288,48.66445279121399,47.01583740839025,True,
efficiency,0.6,efficiency_0.6,2,0.0,2866,2580,0.258,49.36524438858032,52.26349088219712,True,
efficiency,0.6,efficiency_0.6,3,0.010830324909747292,2771,2063,0.2063,47.721442222595215,43.230043014567734,True,
efficiency,0.6,efficiency_0.6,4,0.006993006993006993,2860,2264,0.2264,48.46687412261963,46.71231724728426,True,
efficiency,0.6,efficiency_0.6,5,0.01048951048951049,2864,2144,0.2144,49.52634143829346,43.290094477729234,True,
efficiency,0.7,efficiency_0.7,1,0.01524390243902439,3282,2281,0.2281,48.24451470375061,47.279986419319734,True,
efficiency,0.7,efficiency_0.7,2,0.006060606060606061,3303,2655,0.2655,48.71432304382324,54.501424511463924,True,
efficiency,0.7,efficiency_0.7,3,0.020588235294117647,3404,2177,0.2177,48.83401608467102,44.57958149961292,True,
efficiency,0.7,efficiency_0.7,4,0.011976047904191617,3343,2445,0.2445,48.78133845329285,50.12162596442569,True,
efficiency,0.7,efficiency_0.7,5,0.011834319526627219,3383,2480,0.248,48.08461594581604,51.575747278393116,True,
efficiency,0.8,efficiency_0.8,1,0.010443864229765013,3835,2873,0.2873,49.27571415901184,58.30458368860735,True,
efficiency,0.8,efficiency_0.8,2,0.015706806282722512,3829,2643,0.2643,48.93096613883972,54.0148745990543,True,
efficiency,0.8,efficiency_0.8,3,0.015665796344647518,3833,2647,0.2647,48.92161464691162,54.10696313080711,True,
efficiency,0.8,efficiency_0.8,4,0.010471204188481676,3828,2867,0.2867,48.9365656375885,58.58604833923691,True,
efficiency,0.8,efficiency_0.8,5,0.021108179419525065,3794,2406,0.2406,47.58945608139038,50.55741750620374,True,
efficiency,0.9,efficiency_0.9,1,0.013986013986013986,4297,3046,0.3046,48.96773314476013,62.20422724072825,True,
efficiency,0.9,efficiency_0.9,2,0.016241299303944315,4319,2956,0.2956,52.18118476867676,56.64877125929925,True,
efficiency,0.9,efficiency_0.9,3,0.007042253521126761,4267,3376,0.3376,49.05892610549927,68.81520383752482,True,
efficiency,0.9,efficiency_0.9,4,0.006944444444444444,4324,3426,0.3426,49.44528102874756,69.28871529738336,True,
efficiency,0.9,efficiency_0.9,5,0.011933174224343675,4199,3074,0.3074,48.722283601760864,63.0922808365432,True,
efficiency,1.0,efficiency_1.0,1,0.00847457627118644,4721,3649,0.3649,49.17095613479614,74.21047477695399,True,
efficiency,1.0,efficiency_1.0,2,0.00631578947368421,4758,3809,0.3809,48.02488160133362,79.31305342133788,True,
efficiency,1.0,efficiency_1.0,3,0.012658227848101266,4747,3435,0.3435,49.12716031074524,69.92058930889776,True,
efficiency,1.0,efficiency_1.0,4,0.004166666666666667,4807,3989,0.3989,48.315556049346924,82.56140105116143,True,
efficiency,1.0,efficiency_1.0,5,0.018633540372670808,4837,3189,0.3189,49.2507221698761,64.75031957908085,True,
